"Title:","Diesel from the Retail Gasoline Prices Database"
"SubTitle:","USA"
"Time:","03/21/1994 - 02/20/2023"
"Unit of Measure:","$/Gal"
"Citation:","Energy Information Administration (2023-02-26). Retail Gasoline Prices: Diesel, 03/21/1994 - 02/20/2023. Data Planet? Statistical Datasets: A SAGE Publishing Resource. (Dataset). Dataset-ID:  004-004-013 doi:https://doi.org/10.6068/DP186ADC0B82835"
"ColumnCount:",2
"RowCount:",1510

"Time","Diesel ($/Gal)"
"03/21/1994",1.11
"03/28/1994",1.11
"04/04/1994",1.11
"04/11/1994",1.11
"04/18/1994",1.11
"04/25/1994",1.11
"05/02/1994",1.1
"05/09/1994",1.1
"05/16/1994",1.1
"05/23/1994",1.1
"05/30/1994",1.1
"06/06/1994",1.1
"06/13/1994",1.1
"06/20/1994",1.1
"06/27/1994",1.11
"07/04/1994",1.11
"07/11/1994",1.11
"07/18/1994",1.11
"07/25/1994",1.11
"08/01/1994",1.12
"08/08/1994",1.13
"08/15/1994",1.13
"08/22/1994",1.12
"08/29/1994",1.12
"09/05/1994",1.13
"09/12/1994",1.13
"09/19/1994",1.13
"09/26/1994",1.12
"10/03/1994",1.12
"10/10/1994",1.12
"10/17/1994",1.12
"10/24/1994",1.12
"10/31/1994",1.13
"11/07/1994",1.13
"11/14/1994",1.14
"11/21/1994",1.13
"11/28/1994",1.13
"12/05/1994",1.12
"12/12/1994",1.11
"12/19/1994",1.11
"12/26/1994",1.11
"01/02/1995",1.1
"01/09/1995",1.1
"01/16/1995",1.1
"01/23/1995",1.1
"01/30/1995",1.09
"02/06/1995",1.09
"02/13/1995",1.09
"02/20/1995",1.09
"02/27/1995",1.09
"03/06/1995",1.09
"03/13/1995",1.09
"03/20/1995",1.09
"03/27/1995",1.09
"04/03/1995",1.09
"04/10/1995",1.1
"04/17/1995",1.11
"04/24/1995",1.12
"05/01/1995",1.12
"05/08/1995",1.13
"05/15/1995",1.13
"05/22/1995",1.12
"05/29/1995",1.13
"06/05/1995",1.12
"06/12/1995",1.12
"06/19/1995",1.12
"06/26/1995",1.11
"07/03/1995",1.11
"07/10/1995",1.1
"07/17/1995",1.1
"07/24/1995",1.1
"07/31/1995",1.09
"08/07/1995",1.1
"08/14/1995",1.11
"08/21/1995",1.11
"08/28/1995",1.11
"09/04/1995",1.12
"09/11/1995",1.12
"09/18/1995",1.12
"09/25/1995",1.12
"10/02/1995",1.12
"10/09/1995",1.12
"10/16/1995",1.12
"10/23/1995",1.11
"10/30/1995",1.11
"11/06/1995",1.12
"11/13/1995",1.12
"11/20/1995",1.12
"11/27/1995",1.12
"12/04/1995",1.12
"12/11/1995",1.12
"12/18/1995",1.13
"12/25/1995",1.14
"01/01/1996",1.15
"01/08/1996",1.15
"01/15/1996",1.15
"01/22/1996",1.14
"01/29/1996",1.14
"02/05/1996",1.13
"02/12/1996",1.13
"02/19/1996",1.15
"02/26/1996",1.16
"03/04/1996",1.18
"03/11/1996",1.17
"03/18/1996",1.17
"03/25/1996",1.21
"04/01/1996",1.22
"04/08/1996",1.25
"04/15/1996",1.31
"04/22/1996",1.3
"04/29/1996",1.29
"05/06/1996",1.29
"05/13/1996",1.29
"05/20/1996",1.27
"05/27/1996",1.25
"06/03/1996",1.24
"06/10/1996",1.22
"06/17/1996",1.19
"06/24/1996",1.18
"07/01/1996",1.17
"07/08/1996",1.17
"07/15/1996",1.18
"07/22/1996",1.18
"07/29/1996",1.18
"08/05/1996",1.18
"08/12/1996",1.19
"08/19/1996",1.21
"08/26/1996",1.22
"09/02/1996",1.23
"09/09/1996",1.25
"09/16/1996",1.28
"09/23/1996",1.28
"09/30/1996",1.29
"10/07/1996",1.31
"10/14/1996",1.33
"10/21/1996",1.33
"10/28/1996",1.33
"11/04/1996",1.32
"11/11/1996",1.32
"11/18/1996",1.32
"11/25/1996",1.33
"12/02/1996",1.32
"12/09/1996",1.32
"12/16/1996",1.31
"12/23/1996",1.3
"12/30/1996",1.3
"01/06/1997",1.29
"01/13/1997",1.3
"01/20/1997",1.29
"01/27/1997",1.28
"02/03/1997",1.29
"02/10/1997",1.29
"02/17/1997",1.28
"02/24/1997",1.27
"03/03/1997",1.25
"03/10/1997",1.23
"03/17/1997",1.22
"03/24/1997",1.22
"03/31/1997",1.23
"04/07/1997",1.22
"04/14/1997",1.22
"04/21/1997",1.21
"04/28/1997",1.21
"05/05/1997",1.21
"05/12/1997",1.19
"05/19/1997",1.19
"05/26/1997",1.2
"06/02/1997",1.19
"06/09/1997",1.19
"06/16/1997",1.17
"06/23/1997",1.16
"06/30/1997",1.15
"07/07/1997",1.16
"07/14/1997",1.15
"07/21/1997",1.15
"07/28/1997",1.15
"08/04/1997",1.16
"08/11/1997",1.17
"08/18/1997",1.17
"08/25/1997",1.17
"09/01/1997",1.17
"09/08/1997",1.16
"09/15/1997",1.16
"09/22/1997",1.15
"09/29/1997",1.16
"10/06/1997",1.18
"10/13/1997",1.19
"10/20/1997",1.19
"10/27/1997",1.19
"11/03/1997",1.19
"11/10/1997",1.19
"11/17/1997",1.2
"11/24/1997",1.19
"12/01/1997",1.19
"12/08/1997",1.17
"12/15/1997",1.16
"12/22/1997",1.16
"12/29/1997",1.15
"01/05/1998",1.15
"01/12/1998",1.13
"01/19/1998",1.11
"01/26/1998",1.1
"02/02/1998",1.09
"02/09/1998",1.09
"02/16/1998",1.08
"02/23/1998",1.08
"03/02/1998",1.07
"03/09/1998",1.07
"03/16/1998",1.06
"03/23/1998",1.05
"03/30/1998",1.07
"04/06/1998",1.07
"04/13/1998",1.07
"04/20/1998",1.07
"04/27/1998",1.07
"05/04/1998",1.07
"05/11/1998",1.08
"05/18/1998",1.07
"05/25/1998",1.06
"06/01/1998",1.05
"06/08/1998",1.05
"06/15/1998",1.04
"06/22/1998",1.03
"06/29/1998",1.03
"07/06/1998",1.04
"07/13/1998",1.03
"07/20/1998",1.03
"07/27/1998",1.02
"08/03/1998",1.02
"08/10/1998",1.01
"08/17/1998",1.01
"08/24/1998",1
"08/31/1998",1
"09/07/1998",1.01
"09/14/1998",1.02
"09/21/1998",1.03
"09/28/1998",1.04
"10/05/1998",1.04
"10/12/1998",1.04
"10/19/1998",1.04
"10/26/1998",1.04
"11/02/1998",1.03
"11/09/1998",1.03
"11/16/1998",1.03
"11/23/1998",1.01
"11/30/1998",1
"12/07/1998",0.99
"12/14/1998",0.97
"12/21/1998",0.97
"12/28/1998",0.97
"01/04/1999",0.97
"01/11/1999",0.97
"01/18/1999",0.97
"01/25/1999",0.96
"02/01/1999",0.96
"02/08/1999",0.96
"02/15/1999",0.96
"02/22/1999",0.95
"03/01/1999",0.96
"03/08/1999",0.96
"03/15/1999",1
"03/22/1999",1.02
"03/29/1999",1.05
"04/05/1999",1.08
"04/12/1999",1.08
"04/19/1999",1.08
"04/26/1999",1.08
"05/03/1999",1.08
"05/10/1999",1.08
"05/17/1999",1.08
"05/24/1999",1.07
"05/31/1999",1.07
"06/07/1999",1.06
"06/14/1999",1.07
"06/21/1999",1.08
"06/28/1999",1.09
"07/05/1999",1.1
"07/12/1999",1.11
"07/19/1999",1.13
"07/26/1999",1.14
"08/02/1999",1.15
"08/09/1999",1.16
"08/16/1999",1.18
"08/23/1999",1.19
"08/30/1999",1.19
"09/06/1999",1.2
"09/13/1999",1.21
"09/20/1999",1.23
"09/27/1999",1.23
"10/04/1999",1.23
"10/11/1999",1.23
"10/18/1999",1.22
"10/25/1999",1.23
"11/01/1999",1.23
"11/08/1999",1.23
"11/15/1999",1.26
"11/22/1999",1.29
"11/29/1999",1.3
"12/06/1999",1.29
"12/13/1999",1.29
"12/20/1999",1.29
"12/27/1999",1.3
"01/03/2000",1.31
"01/10/2000",1.31
"01/17/2000",1.31
"01/24/2000",1.42
"01/31/2000",1.44
"02/07/2000",1.47
"02/14/2000",1.46
"02/21/2000",1.46
"02/28/2000",1.46
"03/06/2000",1.49
"03/13/2000",1.5
"03/20/2000",1.48
"03/27/2000",1.45
"04/03/2000",1.44
"04/10/2000",1.42
"04/17/2000",1.4
"04/24/2000",1.43
"05/01/2000",1.42
"05/08/2000",1.4
"05/15/2000",1.42
"05/22/2000",1.43
"05/29/2000",1.43
"06/05/2000",1.42
"06/12/2000",1.41
"06/19/2000",1.42
"06/26/2000",1.43
"07/03/2000",1.45
"07/10/2000",1.45
"07/17/2000",1.44
"07/24/2000",1.42
"07/31/2000",1.41
"08/07/2000",1.41
"08/14/2000",1.45
"08/21/2000",1.47
"08/28/2000",1.54
"09/04/2000",1.61
"09/11/2000",1.63
"09/18/2000",1.65
"09/25/2000",1.66
"10/02/2000",1.63
"10/09/2000",1.61
"10/16/2000",1.67
"10/23/2000",1.65
"10/30/2000",1.63
"11/06/2000",1.61
"11/13/2000",1.6
"11/20/2000",1.63
"11/27/2000",1.65
"12/04/2000",1.62
"12/11/2000",1.58
"12/18/2000",1.55
"12/25/2000",1.52
"01/01/2001",1.52
"01/08/2001",1.52
"01/15/2001",1.51
"01/22/2001",1.53
"01/29/2001",1.54
"02/05/2001",1.52
"02/12/2001",1.52
"02/19/2001",1.48
"02/26/2001",1.45
"03/05/2001",1.42
"03/12/2001",1.41
"03/19/2001",1.39
"03/26/2001",1.38
"04/02/2001",1.39
"04/09/2001",1.4
"04/16/2001",1.44
"04/23/2001",1.44
"04/30/2001",1.44
"05/07/2001",1.47
"05/14/2001",1.49
"05/21/2001",1.49
"05/28/2001",1.53
"06/04/2001",1.51
"06/11/2001",1.49
"06/18/2001",1.48
"06/25/2001",1.45
"07/02/2001",1.41
"07/09/2001",1.39
"07/16/2001",1.38
"07/23/2001",1.35
"07/30/2001",1.35
"08/06/2001",1.35
"08/13/2001",1.37
"08/20/2001",1.39
"08/27/2001",1.45
"09/03/2001",1.49
"09/10/2001",1.49
"09/17/2001",1.53
"09/24/2001",1.47
"10/01/2001",1.39
"10/08/2001",1.37
"10/15/2001",1.35
"10/22/2001",1.32
"10/29/2001",1.31
"11/05/2001",1.29
"11/12/2001",1.27
"11/19/2001",1.25
"11/26/2001",1.22
"12/03/2001",1.19
"12/10/2001",1.17
"12/17/2001",1.14
"12/24/2001",1.15
"12/31/2001",1.17
"01/07/2002",1.17
"01/14/2002",1.16
"01/21/2002",1.14
"01/28/2002",1.14
"02/04/2002",1.14
"02/11/2002",1.15
"02/18/2002",1.16
"02/25/2002",1.15
"03/04/2002",1.17
"03/11/2002",1.22
"03/18/2002",1.25
"03/25/2002",1.28
"04/01/2002",1.3
"04/08/2002",1.32
"04/15/2002",1.32
"04/22/2002",1.3
"04/29/2002",1.3
"05/06/2002",1.31
"05/13/2002",1.3
"05/20/2002",1.31
"05/27/2002",1.31
"06/03/2002",1.3
"06/10/2002",1.29
"06/17/2002",1.27
"06/24/2002",1.28
"07/01/2002",1.29
"07/08/2002",1.29
"07/15/2002",1.3
"07/22/2002",1.31
"07/29/2002",1.3
"08/05/2002",1.3
"08/12/2002",1.3
"08/19/2002",1.33
"08/26/2002",1.37
"09/02/2002",1.39
"09/09/2002",1.4
"09/16/2002",1.41
"09/23/2002",1.42
"09/30/2002",1.44
"10/07/2002",1.46
"10/14/2002",1.46
"10/21/2002",1.47
"10/28/2002",1.46
"11/04/2002",1.44
"11/11/2002",1.43
"11/18/2002",1.41
"11/25/2002",1.41
"12/02/2002",1.41
"12/09/2002",1.41
"12/16/2002",1.4
"12/23/2002",1.44
"12/30/2002",1.49
"01/06/2003",1.5
"01/13/2003",1.48
"01/20/2003",1.48
"01/27/2003",1.49
"02/03/2003",1.54
"02/10/2003",1.66
"02/17/2003",1.7
"02/24/2003",1.71
"03/03/2003",1.75
"03/10/2003",1.77
"03/17/2003",1.75
"03/24/2003",1.66
"03/31/2003",1.6
"04/07/2003",1.55
"04/14/2003",1.54
"04/21/2003",1.53
"04/28/2003",1.51
"05/05/2003",1.48
"05/12/2003",1.44
"05/19/2003",1.44
"05/26/2003",1.43
"06/02/2003",1.42
"06/09/2003",1.42
"06/16/2003",1.43
"06/23/2003",1.42
"06/30/2003",1.42
"07/07/2003",1.43
"07/14/2003",1.44
"07/21/2003",1.44
"07/28/2003",1.44
"08/04/2003",1.45
"08/11/2003",1.49
"08/18/2003",1.5
"08/25/2003",1.5
"09/01/2003",1.5
"09/08/2003",1.49
"09/15/2003",1.47
"09/22/2003",1.44
"09/29/2003",1.43
"10/06/2003",1.45
"10/13/2003",1.48
"10/20/2003",1.5
"10/27/2003",1.5
"11/03/2003",1.48
"11/10/2003",1.48
"11/17/2003",1.48
"11/24/2003",1.49
"12/01/2003",1.48
"12/08/2003",1.48
"12/15/2003",1.49
"12/22/2003",1.5
"12/29/2003",1.5
"01/05/2004",1.5
"01/12/2004",1.55
"01/19/2004",1.56
"01/26/2004",1.59
"02/02/2004",1.58
"02/09/2004",1.57
"02/16/2004",1.58
"02/23/2004",1.6
"03/01/2004",1.62
"03/08/2004",1.63
"03/15/2004",1.62
"03/22/2004",1.64
"03/29/2004",1.64
"04/05/2004",1.65
"04/12/2004",1.68
"04/19/2004",1.72
"04/26/2004",1.72
"05/03/2004",1.72
"05/10/2004",1.75
"05/17/2004",1.76
"05/24/2004",1.76
"05/31/2004",1.75
"06/07/2004",1.73
"06/14/2004",1.71
"06/21/2004",1.7
"06/28/2004",1.7
"07/05/2004",1.72
"07/12/2004",1.74
"07/19/2004",1.74
"07/26/2004",1.75
"08/02/2004",1.78
"08/09/2004",1.81
"08/16/2004",1.83
"08/23/2004",1.87
"08/30/2004",1.87
"09/06/2004",1.87
"09/13/2004",1.87
"09/20/2004",1.91
"09/27/2004",2.01
"10/04/2004",2.05
"10/11/2004",2.09
"10/18/2004",2.18
"10/25/2004",2.21
"11/01/2004",2.21
"11/08/2004",2.16
"11/15/2004",2.13
"11/22/2004",2.12
"11/29/2004",2.12
"12/06/2004",2.07
"12/13/2004",2
"12/20/2004",1.98
"12/27/2004",1.99
"01/03/2005",1.96
"01/10/2005",1.93
"01/17/2005",1.95
"01/24/2005",1.96
"01/31/2005",1.99
"02/07/2005",1.98
"02/14/2005",1.99
"02/21/2005",2.02
"02/28/2005",2.12
"03/07/2005",2.17
"03/14/2005",2.19
"03/21/2005",2.24
"03/28/2005",2.25
"04/04/2005",2.3
"04/11/2005",2.32
"04/18/2005",2.26
"04/25/2005",2.29
"05/02/2005",2.26
"05/09/2005",2.23
"05/16/2005",2.19
"05/23/2005",2.16
"05/30/2005",2.16
"06/06/2005",2.23
"06/13/2005",2.28
"06/20/2005",2.31
"06/27/2005",2.34
"07/04/2005",2.35
"07/11/2005",2.41
"07/18/2005",2.39
"07/25/2005",2.34
"08/01/2005",2.35
"08/08/2005",2.41
"08/15/2005",2.57
"08/22/2005",2.59
"08/29/2005",2.59
"09/05/2005",2.9
"09/12/2005",2.85
"09/19/2005",2.73
"09/26/2005",2.8
"10/03/2005",3.14
"10/10/2005",3.15
"10/17/2005",3.15
"10/24/2005",3.16
"10/31/2005",2.88
"11/07/2005",2.7
"11/14/2005",2.6
"11/21/2005",2.51
"11/28/2005",2.48
"12/05/2005",2.42
"12/12/2005",2.44
"12/19/2005",2.46
"12/26/2005",2.45
"01/02/2006",2.44
"01/09/2006",2.49
"01/16/2006",2.45
"01/23/2006",2.47
"01/30/2006",2.49
"02/06/2006",2.5
"02/13/2006",2.48
"02/20/2006",2.46
"02/27/2006",2.47
"03/06/2006",2.55
"03/13/2006",2.54
"03/20/2006",2.58
"03/27/2006",2.57
"04/03/2006",2.62
"04/10/2006",2.65
"04/17/2006",2.77
"04/24/2006",2.88
"05/01/2006",2.9
"05/08/2006",2.9
"05/15/2006",2.92
"05/22/2006",2.89
"05/29/2006",2.88
"06/05/2006",2.89
"06/12/2006",2.92
"06/19/2006",2.92
"06/26/2006",2.87
"07/03/2006",2.9
"07/10/2006",2.92
"07/17/2006",2.93
"07/24/2006",2.95
"07/31/2006",2.98
"08/07/2006",3.06
"08/14/2006",3.07
"08/21/2006",3.03
"08/28/2006",3.03
"09/04/2006",2.97
"09/11/2006",2.86
"09/18/2006",2.71
"09/25/2006",2.6
"10/02/2006",2.55
"10/09/2006",2.51
"10/16/2006",2.5
"10/23/2006",2.52
"10/30/2006",2.52
"11/06/2006",2.51
"11/13/2006",2.55
"11/20/2006",2.55
"11/27/2006",2.57
"12/04/2006",2.62
"12/11/2006",2.62
"12/18/2006",2.61
"12/25/2006",2.6
"01/01/2007",2.58
"01/08/2007",2.54
"01/15/2007",2.46
"01/22/2007",2.43
"01/29/2007",2.41
"02/05/2007",2.44
"02/12/2007",2.48
"02/19/2007",2.49
"02/26/2007",2.55
"03/05/2007",2.63
"03/12/2007",2.69
"03/19/2007",2.68
"03/26/2007",2.68
"04/02/2007",2.79
"04/09/2007",2.84
"04/16/2007",2.88
"04/23/2007",2.85
"04/30/2007",2.81
"05/07/2007",2.79
"05/14/2007",2.77
"05/21/2007",2.8
"05/28/2007",2.82
"06/04/2007",2.8
"06/11/2007",2.79
"06/18/2007",2.81
"06/25/2007",2.84
"07/02/2007",2.83
"07/09/2007",2.85
"07/16/2007",2.89
"07/23/2007",2.89
"07/30/2007",2.89
"08/06/2007",2.9
"08/13/2007",2.85
"08/20/2007",2.87
"08/27/2007",2.86
"09/03/2007",2.89
"09/10/2007",2.92
"09/17/2007",2.96
"09/24/2007",3.03
"10/01/2007",3.05
"10/08/2007",3.04
"10/15/2007",3.04
"10/22/2007",3.09
"10/29/2007",3.16
"11/05/2007",3.3
"11/12/2007",3.43
"11/19/2007",3.41
"11/26/2007",3.44
"12/03/2007",3.42
"12/10/2007",3.33
"12/17/2007",3.31
"12/24/2007",3.31
"12/31/2007",3.35
"01/07/2008",3.38
"01/14/2008",3.33
"01/21/2008",3.27
"01/28/2008",3.26
"02/04/2008",3.28
"02/11/2008",3.28
"02/18/2008",3.4
"02/25/2008",3.55
"03/03/2008",3.66
"03/10/2008",3.82
"03/17/2008",3.97
"03/24/2008",3.99
"03/31/2008",3.96
"04/07/2008",3.96
"04/14/2008",4.06
"04/21/2008",4.14
"04/28/2008",4.18
"05/05/2008",4.15
"05/12/2008",4.33
"05/19/2008",4.5
"05/26/2008",4.72
"06/02/2008",4.71
"06/09/2008",4.69
"06/16/2008",4.69
"06/23/2008",4.65
"06/30/2008",4.64
"07/07/2008",4.73
"07/14/2008",4.76
"07/21/2008",4.72
"07/28/2008",4.6
"08/04/2008",4.5
"08/11/2008",4.35
"08/18/2008",4.21
"08/25/2008",4.14
"09/01/2008",4.12
"09/08/2008",4.06
"09/15/2008",4.02
"09/22/2008",3.96
"09/29/2008",3.96
"10/06/2008",3.88
"10/13/2008",3.66
"10/20/2008",3.48
"10/27/2008",3.29
"11/03/2008",3.09
"11/10/2008",2.94
"11/17/2008",2.81
"11/24/2008",2.66
"12/01/2008",2.62
"12/08/2008",2.52
"12/15/2008",2.42
"12/22/2008",2.37
"12/29/2008",2.33
"01/05/2009",2.29
"01/12/2009",2.31
"01/19/2009",2.3
"01/26/2009",2.27
"02/02/2009",2.25
"02/09/2009",2.22
"02/16/2009",2.19
"02/23/2009",2.13
"03/02/2009",2.09
"03/09/2009",2.05
"03/16/2009",2.02
"03/23/2009",2.09
"03/30/2009",2.22
"04/06/2009",2.23
"04/13/2009",2.23
"04/20/2009",2.22
"04/27/2009",2.2
"05/04/2009",2.19
"05/11/2009",2.22
"05/18/2009",2.23
"05/25/2009",2.27
"06/01/2009",2.35
"06/08/2009",2.5
"06/15/2009",2.57
"06/22/2009",2.62
"06/29/2009",2.61
"07/06/2009",2.59
"07/13/2009",2.54
"07/20/2009",2.5
"07/27/2009",2.53
"08/03/2009",2.55
"08/10/2009",2.63
"08/17/2009",2.65
"08/24/2009",2.67
"08/31/2009",2.67
"09/07/2009",2.65
"09/14/2009",2.63
"09/21/2009",2.62
"09/28/2009",2.6
"10/05/2009",2.58
"10/12/2009",2.6
"10/19/2009",2.71
"10/26/2009",2.8
"11/02/2009",2.81
"11/09/2009",2.8
"11/16/2009",2.79
"11/23/2009",2.79
"11/30/2009",2.78
"12/07/2009",2.77
"12/14/2009",2.75
"12/21/2009",2.73
"12/28/2009",2.73
"01/04/2010",2.8
"01/11/2010",2.88
"01/18/2010",2.87
"01/25/2010",2.83
"02/01/2010",2.78
"02/08/2010",2.77
"02/15/2010",2.76
"02/22/2010",2.83
"03/01/2010",2.86
"03/08/2010",2.9
"03/15/2010",2.92
"03/22/2010",2.95
"03/29/2010",2.94
"04/05/2010",3.02
"04/12/2010",3.07
"04/19/2010",3.07
"04/26/2010",3.08
"05/03/2010",3.12
"05/10/2010",3.13
"05/17/2010",3.09
"05/24/2010",3.02
"05/31/2010",2.98
"06/07/2010",2.95
"06/14/2010",2.93
"06/21/2010",2.96
"06/28/2010",2.96
"07/05/2010",2.92
"07/12/2010",2.9
"07/19/2010",2.9
"07/26/2010",2.92
"08/02/2010",2.93
"08/09/2010",2.99
"08/16/2010",2.98
"08/23/2010",2.96
"08/30/2010",2.94
"09/06/2010",2.93
"09/13/2010",2.94
"09/20/2010",2.96
"09/27/2010",2.95
"10/04/2010",3
"10/11/2010",3.07
"10/18/2010",3.07
"10/25/2010",3.07
"11/01/2010",3.07
"11/08/2010",3.12
"11/15/2010",3.18
"11/22/2010",3.17
"11/29/2010",3.16
"12/06/2010",3.2
"12/13/2010",3.23
"12/20/2010",3.25
"12/27/2010",3.29
"01/03/2011",3.33
"01/10/2011",3.33
"01/17/2011",3.41
"01/24/2011",3.43
"01/31/2011",3.44
"02/07/2011",3.51
"02/14/2011",3.53
"02/21/2011",3.57
"02/28/2011",3.72
"03/07/2011",3.87
"03/14/2011",3.91
"03/21/2011",3.91
"03/28/2011",3.93
"04/04/2011",3.98
"04/11/2011",4.08
"04/18/2011",4.11
"04/25/2011",4.1
"05/02/2011",4.12
"05/09/2011",4.1
"05/16/2011",4.06
"05/23/2011",4
"05/30/2011",3.95
"06/06/2011",3.94
"06/13/2011",3.95
"06/20/2011",3.95
"06/27/2011",3.89
"07/04/2011",3.85
"07/11/2011",3.9
"07/18/2011",3.92
"07/25/2011",3.95
"08/01/2011",3.94
"08/08/2011",3.9
"08/15/2011",3.84
"08/22/2011",3.81
"08/29/2011",3.82
"09/05/2011",3.87
"09/12/2011",3.86
"09/19/2011",3.83
"09/26/2011",3.79
"10/03/2011",3.75
"10/10/2011",3.72
"10/17/2011",3.8
"10/24/2011",3.83
"10/31/2011",3.89
"11/07/2011",3.89
"11/14/2011",3.99
"11/21/2011",4.01
"11/28/2011",3.96
"12/05/2011",3.93
"12/12/2011",3.89
"12/19/2011",3.83
"12/26/2011",3.79
"01/02/2012",3.78
"01/09/2012",3.83
"01/16/2012",3.85
"01/23/2012",3.85
"01/30/2012",3.85
"02/06/2012",3.86
"02/13/2012",3.94
"02/20/2012",3.96
"02/27/2012",4.05
"03/05/2012",4.09
"03/12/2012",4.12
"03/19/2012",4.14
"03/26/2012",4.15
"04/02/2012",4.14
"04/09/2012",4.15
"04/16/2012",4.13
"04/23/2012",4.09
"04/30/2012",4.07
"05/07/2012",4.06
"05/14/2012",4
"05/21/2012",3.96
"05/28/2012",3.9
"06/04/2012",3.85
"06/11/2012",3.78
"06/18/2012",3.73
"06/25/2012",3.68
"07/02/2012",3.65
"07/09/2012",3.68
"07/16/2012",3.7
"07/23/2012",3.78
"07/30/2012",3.8
"08/06/2012",3.85
"08/13/2012",3.97
"08/20/2012",4.03
"08/27/2012",4.09
"09/03/2012",4.13
"09/10/2012",4.13
"09/17/2012",4.14
"09/24/2012",4.09
"10/01/2012",4.08
"10/08/2012",4.09
"10/15/2012",4.15
"10/22/2012",4.12
"10/29/2012",4.03
"11/05/2012",4.01
"11/12/2012",3.98
"11/19/2012",3.98
"11/26/2012",4.03
"12/03/2012",4.03
"12/10/2012",3.99
"12/17/2012",3.95
"12/24/2012",3.92
"12/31/2012",3.92
"01/07/2013",3.91
"01/14/2013",3.89
"01/21/2013",3.9
"01/28/2013",3.93
"02/04/2013",4.02
"02/11/2013",4.1
"02/18/2013",4.16
"02/25/2013",4.16
"03/04/2013",4.13
"03/11/2013",4.09
"03/18/2013",4.05
"03/25/2013",4.01
"04/01/2013",3.99
"04/08/2013",3.98
"04/15/2013",3.94
"04/22/2013",3.89
"04/29/2013",3.85
"05/06/2013",3.85
"05/13/2013",3.87
"05/20/2013",3.89
"05/27/2013",3.88
"06/03/2013",3.87
"06/10/2013",3.85
"06/17/2013",3.84
"06/24/2013",3.84
"07/01/2013",3.82
"07/08/2013",3.83
"07/15/2013",3.87
"07/22/2013",3.9
"07/29/2013",3.92
"08/05/2013",3.91
"08/12/2013",3.9
"08/19/2013",3.9
"08/26/2013",3.91
"09/02/2013",3.98
"09/09/2013",3.98
"09/16/2013",3.97
"09/23/2013",3.95
"09/30/2013",3.92
"10/07/2013",3.9
"10/14/2013",3.89
"10/21/2013",3.89
"10/28/2013",3.87
"11/04/2013",3.86
"11/11/2013",3.83
"11/18/2013",3.82
"11/25/2013",3.84
"12/02/2013",3.88
"12/09/2013",3.88
"12/16/2013",3.87
"12/23/2013",3.87
"12/30/2013",3.9
"01/06/2014",3.91
"01/13/2014",3.89
"01/20/2014",3.87
"01/27/2014",3.9
"02/03/2014",3.95
"02/10/2014",3.98
"02/17/2014",3.99
"02/24/2014",4.02
"03/03/2014",4.02
"03/10/2014",4.02
"03/17/2014",4
"03/24/2014",3.99
"03/31/2014",3.98
"04/07/2014",3.96
"04/14/2014",3.95
"04/21/2014",3.97
"04/28/2014",3.98
"05/05/2014",3.96
"05/12/2014",3.95
"05/19/2014",3.93
"05/26/2014",3.93
"06/02/2014",3.92
"06/09/2014",3.89
"06/16/2014",3.88
"06/23/2014",3.92
"06/30/2014",3.92
"07/07/2014",3.91
"07/14/2014",3.89
"07/21/2014",3.87
"07/28/2014",3.86
"08/04/2014",3.85
"08/11/2014",3.84
"08/18/2014",3.84
"08/25/2014",3.82
"09/01/2014",3.81
"09/08/2014",3.81
"09/15/2014",3.8
"09/22/2014",3.78
"09/29/2014",3.76
"10/06/2014",3.73
"10/13/2014",3.7
"10/20/2014",3.66
"10/27/2014",3.64
"11/03/2014",3.62
"11/10/2014",3.68
"11/17/2014",3.66
"11/24/2014",3.63
"12/01/2014",3.61
"12/08/2014",3.54
"12/15/2014",3.42
"12/22/2014",3.28
"12/29/2014",3.21
"01/05/2015",3.14
"01/12/2015",3.05
"01/19/2015",2.93
"01/26/2015",2.87
"02/02/2015",2.83
"02/09/2015",2.84
"02/16/2015",2.87
"02/23/2015",2.9
"03/02/2015",2.94
"03/09/2015",2.94
"03/16/2015",2.92
"03/23/2015",2.86
"03/30/2015",2.82
"04/06/2015",2.78
"04/13/2015",2.75
"04/20/2015",2.78
"04/27/2015",2.81
"05/04/2015",2.85
"05/11/2015",2.88
"05/18/2015",2.9
"05/25/2015",2.91
"06/01/2015",2.91
"06/08/2015",2.88
"06/15/2015",2.87
"06/22/2015",2.86
"06/29/2015",2.84
"07/06/2015",2.83
"07/13/2015",2.81
"07/20/2015",2.78
"07/27/2015",2.72
"08/03/2015",2.67
"08/10/2015",2.62
"08/17/2015",2.62
"08/24/2015",2.56
"08/31/2015",2.51
"09/07/2015",2.53
"09/14/2015",2.52
"09/21/2015",2.49
"09/28/2015",2.48
"10/05/2015",2.49
"10/12/2015",2.56
"10/19/2015",2.53
"10/26/2015",2.5
"11/02/2015",2.49
"11/09/2015",2.5
"11/16/2015",2.48
"11/23/2015",2.44
"11/30/2015",2.42
"12/07/2015",2.38
"12/14/2015",2.34
"12/21/2015",2.28
"12/28/2015",2.24
"01/04/2016",2.21
"01/11/2016",2.18
"01/18/2016",2.11
"01/25/2016",2.07
"02/01/2016",2.03
"02/08/2016",2.01
"02/15/2016",1.98
"02/22/2016",1.98
"02/29/2016",1.99
"03/07/2016",2.02
"03/14/2016",2.1
"03/21/2016",2.12
"03/28/2016",2.12
"04/04/2016",2.12
"04/11/2016",2.13
"04/18/2016",2.17
"04/25/2016",2.2
"05/02/2016",2.27
"05/09/2016",2.27
"05/16/2016",2.3
"05/23/2016",2.36
"05/30/2016",2.38
"06/06/2016",2.41
"06/13/2016",2.43
"06/20/2016",2.43
"06/27/2016",2.43
"07/04/2016",2.42
"07/11/2016",2.41
"07/18/2016",2.4
"07/25/2016",2.38
"08/01/2016",2.35
"08/08/2016",2.32
"08/15/2016",2.31
"08/22/2016",2.37
"08/29/2016",2.41
"09/05/2016",2.41
"09/12/2016",2.4
"09/19/2016",2.39
"09/26/2016",2.38
"10/03/2016",2.39
"10/10/2016",2.44
"10/17/2016",2.48
"10/24/2016",2.48
"10/31/2016",2.48
"11/07/2016",2.47
"11/14/2016",2.44
"11/21/2016",2.42
"11/28/2016",2.42
"12/05/2016",2.48
"12/12/2016",2.49
"12/19/2016",2.53
"12/26/2016",2.54
"01/02/2017",2.59
"01/09/2017",2.6
"01/16/2017",2.59
"01/23/2017",2.57
"01/30/2017",2.56
"02/06/2017",2.56
"02/13/2017",2.57
"02/20/2017",2.57
"02/27/2017",2.58
"03/06/2017",2.58
"03/13/2017",2.56
"03/20/2017",2.54
"03/27/2017",2.53
"04/03/2017",2.56
"04/10/2017",2.58
"04/17/2017",2.6
"04/24/2017",2.6
"05/01/2017",2.58
"05/08/2017",2.57
"05/15/2017",2.54
"05/22/2017",2.54
"05/29/2017",2.57
"06/05/2017",2.56
"06/12/2017",2.52
"06/19/2017",2.49
"06/26/2017",2.47
"07/03/2017",2.47
"07/10/2017",2.48
"07/17/2017",2.49
"07/24/2017",2.51
"07/31/2017",2.53
"08/07/2017",2.58
"08/14/2017",2.6
"08/21/2017",2.6
"08/28/2017",2.61
"09/04/2017",2.76
"09/11/2017",2.8
"09/18/2017",2.79
"09/25/2017",2.79
"10/02/2017",2.79
"10/09/2017",2.78
"10/16/2017",2.79
"10/23/2017",2.8
"10/30/2017",2.82
"11/06/2017",2.88
"11/13/2017",2.92
"11/20/2017",2.91
"11/27/2017",2.93
"12/04/2017",2.92
"12/11/2017",2.91
"12/18/2017",2.9
"12/25/2017",2.9
"01/01/2018",2.97
"01/08/2018",3
"01/15/2018",3.03
"01/22/2018",3.03
"01/29/2018",3.07
"02/05/2018",3.09
"02/12/2018",3.06
"02/19/2018",3.03
"02/26/2018",3.01
"03/05/2018",2.99
"03/12/2018",2.98
"03/19/2018",2.97
"03/26/2018",3.01
"04/02/2018",3.04
"04/09/2018",3.04
"04/16/2018",3.1
"04/23/2018",3.13
"04/30/2018",3.16
"05/07/2018",3.17
"05/14/2018",3.24
"05/21/2018",3.28
"05/28/2018",3.29
"06/04/2018",3.29
"06/11/2018",3.27
"06/18/2018",3.24
"06/25/2018",3.22
"07/02/2018",3.24
"07/09/2018",3.24
"07/16/2018",3.24
"07/23/2018",3.22
"07/30/2018",3.23
"08/06/2018",3.22
"08/13/2018",3.22
"08/20/2018",3.21
"08/27/2018",3.23
"09/03/2018",3.25
"09/10/2018",3.26
"09/17/2018",3.27
"09/24/2018",3.27
"10/01/2018",3.31
"10/08/2018",3.39
"10/15/2018",3.39
"10/22/2018",3.38
"10/29/2018",3.36
"11/05/2018",3.34
"11/12/2018",3.32
"11/19/2018",3.28
"11/26/2018",3.26
"12/03/2018",3.21
"12/10/2018",3.16
"12/17/2018",3.12
"12/24/2018",3.08
"12/31/2018",3.05
"01/07/2019",3.01
"01/14/2019",2.98
"01/21/2019",2.97
"01/28/2019",2.97
"02/04/2019",2.97
"02/11/2019",2.97
"02/18/2019",3.01
"02/25/2019",3.05
"03/04/2019",3.08
"03/11/2019",3.08
"03/18/2019",3.07
"03/25/2019",3.08
"04/01/2019",3.08
"04/08/2019",3.09
"04/15/2019",3.12
"04/22/2019",3.15
"04/29/2019",3.17
"05/06/2019",3.17
"05/13/2019",3.16
"05/20/2019",3.16
"05/27/2019",3.15
"06/03/2019",3.14
"06/10/2019",3.11
"06/17/2019",3.07
"06/24/2019",3.04
"07/01/2019",3.04
"07/08/2019",3.06
"07/15/2019",3.05
"07/22/2019",3.04
"07/29/2019",3.03
"08/05/2019",3.03
"08/12/2019",3.01
"08/19/2019",2.99
"08/26/2019",2.98
"09/02/2019",2.98
"09/09/2019",2.97
"09/16/2019",2.99
"09/23/2019",3.08
"09/30/2019",3.07
"10/07/2019",3.05
"10/14/2019",3.05
"10/21/2019",3.05
"10/28/2019",3.06
"11/04/2019",3.06
"11/11/2019",3.07
"11/18/2019",3.07
"11/25/2019",3.07
"12/02/2019",3.07
"12/09/2019",3.05
"12/16/2019",3.05
"12/23/2019",3.04
"12/30/2019",3.07
"01/06/2020",3.08
"01/13/2020",3.06
"01/20/2020",3.04
"01/27/2020",3.01
"02/03/2020",2.96
"02/10/2020",2.91
"02/17/2020",2.89
"02/24/2020",2.88
"03/02/2020",2.85
"03/09/2020",2.81
"03/16/2020",2.73
"03/23/2020",2.66
"03/30/2020",2.59
"04/06/2020",2.55
"04/13/2020",2.51
"04/20/2020",2.48
"04/27/2020",2.44
"05/04/2020",2.4
"05/11/2020",2.39
"05/18/2020",2.39
"05/25/2020",2.39
"06/01/2020",2.39
"06/08/2020",2.4
"06/15/2020",2.4
"06/22/2020",2.42
"06/29/2020",2.43
"07/06/2020",2.44
"07/13/2020",2.44
"07/20/2020",2.43
"07/27/2020",2.43
"08/03/2020",2.42
"08/10/2020",2.43
"08/17/2020",2.43
"08/24/2020",2.43
"08/31/2020",2.44
"09/07/2020",2.44
"09/14/2020",2.42
"09/21/2020",2.4
"09/28/2020",2.39
"10/05/2020",2.39
"10/12/2020",2.4
"10/19/2020",2.39
"10/26/2020",2.38
"11/02/2020",2.37
"11/09/2020",2.38
"11/16/2020",2.44
"11/23/2020",2.46
"11/30/2020",2.5
"12/07/2020",2.53
"12/14/2020",2.56
"12/21/2020",2.62
"12/28/2020",2.64
"01/04/2021",2.64
"01/11/2021",2.67
"01/18/2021",2.7
"01/25/2021",2.72
"02/01/2021",2.74
"02/08/2021",2.8
"02/15/2021",2.88
"02/22/2021",2.97
"03/01/2021",3.07
"03/08/2021",3.14
"03/15/2021",3.19
"03/22/2021",3.19
"03/29/2021",3.16
"04/05/2021",3.14
"04/12/2021",3.13
"04/19/2021",3.12
"04/26/2021",3.12
"05/03/2021",3.14
"05/10/2021",3.19
"05/17/2021",3.25
"05/24/2021",3.25
"05/31/2021",3.26
"06/07/2021",3.27
"06/14/2021",3.29
"06/21/2021",3.29
"06/28/2021",3.3
"07/05/2021",3.33
"07/12/2021",3.34
"07/19/2021",3.34
"07/26/2021",3.34
"08/02/2021",3.37
"08/09/2021",3.36
"08/16/2021",3.36
"08/23/2021",3.32
"08/30/2021",3.34
"09/06/2021",3.37
"09/13/2021",3.37
"09/20/2021",3.39
"09/27/2021",3.41
"10/04/2021",3.48
"10/11/2021",3.59
"10/18/2021",3.67
"10/25/2021",3.71
"11/01/2021",3.73
"11/08/2021",3.73
"11/15/2021",3.73
"11/22/2021",3.72
"11/29/2021",3.72
"12/06/2021",3.67
"12/13/2021",3.65
"12/20/2021",3.63
"12/27/2021",3.62
"01/03/2022",3.61
"01/10/2022",3.66
"01/17/2022",3.73
"01/24/2022",3.78
"01/31/2022",3.85
"02/07/2022",3.95
"02/14/2022",4.02
"02/21/2022",4.06
"02/28/2022",4.1
"03/07/2022",4.85
"03/14/2022",5.25
"03/21/2022",5.13
"03/28/2022",5.19
"04/04/2022",5.14
"04/11/2022",5.07
"04/18/2022",5.1
"04/25/2022",5.16
"05/02/2022",5.51
"05/09/2022",5.62
"05/16/2022",5.61
"05/23/2022",5.57
"05/30/2022",5.54
"06/06/2022",5.7
"06/13/2022",5.72
"06/20/2022",5.81
"06/27/2022",5.78
"07/04/2022",5.68
"07/11/2022",5.57
"07/18/2022",5.43
"07/25/2022",5.27
"08/01/2022",5.14
"08/08/2022",4.99
"08/15/2022",4.91
"08/22/2022",4.91
"08/29/2022",5.12
"09/05/2022",5.08
"09/12/2022",5.03
"09/19/2022",4.96
"09/26/2022",4.89
"10/03/2022",4.84
"10/10/2022",5.22
"10/17/2022",5.34
"10/24/2022",5.34
"10/31/2022",5.32
"11/07/2022",5.33
"11/14/2022",5.31
"11/21/2022",5.23
"11/28/2022",5.14
"12/05/2022",4.97
"12/12/2022",4.75
"12/19/2022",4.6
"12/26/2022",4.54
"01/02/2023",4.58
"01/09/2023",4.55
"01/16/2023",4.52
"01/23/2023",4.6
"01/30/2023",4.62
"02/06/2023",4.54
"02/13/2023",4.44
"02/20/2023",4.38



"Publisher:", "Energy Information Administration"
"Copyright:", "The data contained in Data Planet(tm): A SAGE Publishing Resource is made available via license agreement with subscribing organizations. Your organization's license may vary from this version."