"Time","Midgrade ($/Gal)"
"11/28/1994",1.2
"12/05/1994",1.2
"12/12/1994",1.19
"12/19/1994",1.18
"12/26/1994",1.17
"01/02/1995",1.17
"01/09/1995",1.18
"01/16/1995",1.17
"01/23/1995",1.18
"01/30/1995",1.18
"02/06/1995",1.17
"02/13/1995",1.17
"02/20/1995",1.16
"02/27/1995",1.16
"03/06/1995",1.17
"03/13/1995",1.16
"03/20/1995",1.16
"03/27/1995",1.16
"04/03/1995",1.17
"04/10/1995",1.19
"04/17/1995",1.21
"04/24/1995",1.23
"05/01/1995",1.24
"05/08/1995",1.26
"05/15/1995",1.27
"05/22/1995",1.29
"05/29/1995",1.29
"06/05/1995",1.29
"06/12/1995",1.29
"06/19/1995",1.28
"06/26/1995",1.27
"07/03/1995",1.27
"07/10/1995",1.25
"07/17/1995",1.24
"07/24/1995",1.24
"07/31/1995",1.22
"08/07/1995",1.22
"08/14/1995",1.22
"08/21/1995",1.21
"08/28/1995",1.21
"09/04/1995",1.2
"09/11/1995",1.2
"09/18/1995",1.2
"09/25/1995",1.2
"10/02/1995",1.19
"10/09/1995",1.19
"10/16/1995",1.18
"10/23/1995",1.17
"10/30/1995",1.16
"11/06/1995",1.15
"11/13/1995",1.15
"11/20/1995",1.15
"11/27/1995",1.15
"12/04/1995",1.15
"12/11/1995",1.15
"12/18/1995",1.17
"12/25/1995",1.17
"01/01/1996",1.17
"01/08/1996",1.18
"01/15/1996",1.19
"01/22/1996",1.18
"01/29/1996",1.18
"02/05/1996",1.17
"02/12/1996",1.17
"02/19/1996",1.18
"02/26/1996",1.2
"03/04/1996",1.21
"03/11/1996",1.21
"03/18/1996",1.22
"03/25/1996",1.25
"04/01/1996",1.26
"04/08/1996",1.29
"04/15/1996",1.33
"04/22/1996",1.34
"04/29/1996",1.36
"05/06/1996",1.36
"05/13/1996",1.36
"05/20/1996",1.37
"05/27/1996",1.36
"06/03/1996",1.35
"06/10/1996",1.35
"06/17/1996",1.34
"06/24/1996",1.33
"07/01/1996",1.32
"07/08/1996",1.32
"07/15/1996",1.31
"07/22/1996",1.31
"07/29/1996",1.3
"08/05/1996",1.29
"08/12/1996",1.29
"08/19/1996",1.29
"08/26/1996",1.29
"09/02/1996",1.28
"09/09/1996",1.29
"09/16/1996",1.29
"09/23/1996",1.29
"09/30/1996",1.29
"10/07/1996",1.28
"10/14/1996",1.29
"10/21/1996",1.29
"10/28/1996",1.3
"11/04/1996",1.31
"11/11/1996",1.32
"11/18/1996",1.33
"11/25/1996",1.33
"12/02/1996",1.33
"12/09/1996",1.33
"12/16/1996",1.33
"12/23/1996",1.32
"12/30/1996",1.32
"01/06/1997",1.32
"01/13/1997",1.33
"01/20/1997",1.33
"01/27/1997",1.33
"02/03/1997",1.32
"02/10/1997",1.32
"02/17/1997",1.31
"02/24/1997",1.31
"03/03/1997",1.3
"03/10/1997",1.3
"03/17/1997",1.29
"03/24/1997",1.29
"03/31/1997",1.29
"04/07/1997",1.29
"04/14/1997",1.28
"04/21/1997",1.28
"04/28/1997",1.28
"05/05/1997",1.28
"05/12/1997",1.28
"05/19/1997",1.29
"05/26/1997",1.29
"06/02/1997",1.3
"06/09/1997",1.29
"06/16/1997",1.28
"06/23/1997",1.27
"06/30/1997",1.27
"07/07/1997",1.26
"07/14/1997",1.26
"07/21/1997",1.26
"07/28/1997",1.26
"08/04/1997",1.28
"08/11/1997",1.31
"08/18/1997",1.31
"08/25/1997",1.33
"09/01/1997",1.33
"09/08/1997",1.33
"09/15/1997",1.32
"09/22/1997",1.31
"09/29/1997",1.29
"10/06/1997",1.29
"10/13/1997",1.29
"10/20/1997",1.28
"10/27/1997",1.27
"11/03/1997",1.26
"11/10/1997",1.26
"11/17/1997",1.25
"11/24/1997",1.25
"12/01/1997",1.24
"12/08/1997",1.23
"12/15/1997",1.22
"12/22/1997",1.21
"12/29/1997",1.2
"01/05/1998",1.19
"01/12/1998",1.18
"01/19/1998",1.17
"01/26/1998",1.15
"02/02/1998",1.15
"02/09/1998",1.14
"02/16/1998",1.13
"02/23/1998",1.13
"03/02/1998",1.12
"03/09/1998",1.11
"03/16/1998",1.1
"03/23/1998",1.09
"03/30/1998",1.12
"04/06/1998",1.12
"04/13/1998",1.12
"04/20/1998",1.12
"04/27/1998",1.13
"05/04/1998",1.14
"05/11/1998",1.15
"05/18/1998",1.16
"05/25/1998",1.16
"06/01/1998",1.16
"06/08/1998",1.16
"06/15/1998",1.16
"06/22/1998",1.15
"06/29/1998",1.15
"07/06/1998",1.15
"07/13/1998",1.15
"07/20/1998",1.15
"07/27/1998",1.14
"08/03/1998",1.13
"08/10/1998",1.12
"08/17/1998",1.12
"08/24/1998",1.11
"08/31/1998",1.11
"09/07/1998",1.1
"09/14/1998",1.1
"09/21/1998",1.11
"09/28/1998",1.11
"10/05/1998",1.11
"10/12/1998",1.12
"10/19/1998",1.11
"10/26/1998",1.11
"11/02/1998",1.11
"11/09/1998",1.1
"11/16/1998",1.09
"11/23/1998",1.09
"11/30/1998",1.07
"12/07/1998",1.06
"12/14/1998",1.05
"12/21/1998",1.04
"12/28/1998",1.04
"01/04/1999",1.04
"01/11/1999",1.04
"01/18/1999",1.04
"01/25/1999",1.03
"02/01/1999",1.03
"02/08/1999",1.03
"02/15/1999",1.02
"02/22/1999",1.01
"03/01/1999",1.02
"03/08/1999",1.02
"03/15/1999",1.07
"03/22/1999",1.11
"03/29/1999",1.18
"04/05/1999",1.22
"04/12/1999",1.24
"04/19/1999",1.23
"04/26/1999",1.23
"05/03/1999",1.23
"05/10/1999",1.24
"05/17/1999",1.24
"05/24/1999",1.22
"05/31/1999",1.21
"06/07/1999",1.21
"06/14/1999",1.21
"06/21/1999",1.22
"06/28/1999",1.21
"07/05/1999",1.22
"07/12/1999",1.24
"07/19/1999",1.26
"07/26/1999",1.29
"08/02/1999",1.29
"08/09/1999",1.3
"08/16/1999",1.33
"08/23/1999",1.33
"08/30/1999",1.33
"09/06/1999",1.34
"09/13/1999",1.35
"09/20/1999",1.37
"09/27/1999",1.36
"10/04/1999",1.35
"10/11/1999",1.35
"10/18/1999",1.33
"10/25/1999",1.34
"11/01/1999",1.33
"11/08/1999",1.33
"11/15/1999",1.35
"11/22/1999",1.37
"11/29/1999",1.37
"12/06/1999",1.37
"12/13/1999",1.37
"12/20/1999",1.37
"12/27/1999",1.37
"01/03/2000",1.37
"01/10/2000",1.36
"01/17/2000",1.38
"01/24/2000",1.41
"01/31/2000",1.41
"02/07/2000",1.42
"02/14/2000",1.45
"02/21/2000",1.5
"02/28/2000",1.51
"03/06/2000",1.59
"03/13/2000",1.62
"03/20/2000",1.62
"03/27/2000",1.61
"04/03/2000",1.6
"04/10/2000",1.58
"04/17/2000",1.54
"04/24/2000",1.54
"05/01/2000",1.52
"05/08/2000",1.55
"05/15/2000",1.59
"05/22/2000",1.62
"05/29/2000",1.63
"06/05/2000",1.65
"06/12/2000",1.71
"06/19/2000",1.75
"06/26/2000",1.73
"07/03/2000",1.71
"07/10/2000",1.68
"07/17/2000",1.64
"07/24/2000",1.62
"07/31/2000",1.57
"08/07/2000",1.56
"08/14/2000",1.55
"08/21/2000",1.57
"08/28/2000",1.58
"09/04/2000",1.62
"09/11/2000",1.65
"09/18/2000",1.65
"09/25/2000",1.64
"10/02/2000",1.62
"10/09/2000",1.59
"10/16/2000",1.63
"10/23/2000",1.64
"10/30/2000",1.64
"11/06/2000",1.62
"11/13/2000",1.62
"11/20/2000",1.61
"11/27/2000",1.6
"12/04/2000",1.58
"12/11/2000",1.55
"12/18/2000",1.52
"12/25/2000",1.5
"01/01/2001",1.5
"01/08/2001",1.52
"01/15/2001",1.57
"01/22/2001",1.56
"01/29/2001",1.55
"02/05/2001",1.54
"02/12/2001",1.57
"02/19/2001",1.54
"02/26/2001",1.53
"03/05/2001",1.51
"03/12/2001",1.51
"03/19/2001",1.5
"03/26/2001",1.5
"04/02/2001",1.54
"04/09/2001",1.6
"04/16/2001",1.67
"04/23/2001",1.71
"04/30/2001",1.72
"05/07/2001",1.79
"05/14/2001",1.79
"05/21/2001",1.77
"05/28/2001",1.79
"06/04/2001",1.76
"06/11/2001",1.74
"06/18/2001",1.7
"06/25/2001",1.64
"07/02/2001",1.59
"07/09/2001",1.55
"07/16/2001",1.52
"07/23/2001",1.5
"07/30/2001",1.49
"08/06/2001",1.48
"08/13/2001",1.49
"08/20/2001",1.52
"08/27/2001",1.56
"09/03/2001",1.62
"09/10/2001",1.6
"09/17/2001",1.61
"09/24/2001",1.57
"10/01/2001",1.5
"10/08/2001",1.44
"10/15/2001",1.41
"10/22/2001",1.36
"10/29/2001",1.33
"11/05/2001",1.3
"11/12/2001",1.28
"11/19/2001",1.26
"11/26/2001",1.22
"12/03/2001",1.2
"12/10/2001",1.19
"12/17/2001",1.15
"12/24/2001",1.17
"12/31/2001",1.19
"01/07/2002",1.2
"01/14/2002",1.2
"01/21/2002",1.2
"01/28/2002",1.19
"02/04/2002",1.21
"02/11/2002",1.2
"02/18/2002",1.21
"02/25/2002",1.21
"03/04/2002",1.24
"03/11/2002",1.32
"03/18/2002",1.38
"03/25/2002",1.44
"04/01/2002",1.47
"04/08/2002",1.51
"04/15/2002",1.5
"04/22/2002",1.5
"04/29/2002",1.49
"05/06/2002",1.49
"05/13/2002",1.49
"05/20/2002",1.49
"05/27/2002",1.48
"06/03/2002",1.49
"06/10/2002",1.47
"06/17/2002",1.47
"06/24/2002",1.48
"07/01/2002",1.49
"07/08/2002",1.48
"07/15/2002",1.49
"07/22/2002",1.5
"07/29/2002",1.5
"08/05/2002",1.49
"08/12/2002",1.49
"08/19/2002",1.49
"08/26/2002",1.5
"09/02/2002",1.49
"09/09/2002",1.49
"09/16/2002",1.5
"09/23/2002",1.49
"09/30/2002",1.51
"10/07/2002",1.53
"10/14/2002",1.53
"10/21/2002",1.55
"10/28/2002",1.54
"11/04/2002",1.54
"11/11/2002",1.53
"11/18/2002",1.5
"11/25/2002",1.48
"12/02/2002",1.46
"12/09/2002",1.46
"12/16/2002",1.46
"12/23/2002",1.5
"12/30/2002",1.54
"01/06/2003",1.54
"01/13/2003",1.55
"01/20/2003",1.56
"01/27/2003",1.57
"02/03/2003",1.62
"02/10/2003",1.71
"02/17/2003",1.75
"02/24/2003",1.75
"03/03/2003",1.78
"03/10/2003",1.81
"03/17/2003",1.83
"03/24/2003",1.79
"03/31/2003",1.75
"04/07/2003",1.74
"04/14/2003",1.7
"04/21/2003",1.68
"04/28/2003",1.66
"05/05/2003",1.62
"05/12/2003",1.59
"05/19/2003",1.59
"05/26/2003",1.58
"06/02/2003",1.57
"06/09/2003",1.58
"06/16/2003",1.61
"06/23/2003",1.59
"06/30/2003",1.58
"07/07/2003",1.59
"07/14/2003",1.62
"07/21/2003",1.62
"07/28/2003",1.61
"08/04/2003",1.63
"08/11/2003",1.66
"08/18/2003",1.72
"08/25/2003",1.84
"09/01/2003",1.84
"09/08/2003",1.81
"09/15/2003",1.8
"09/22/2003",1.74
"09/29/2003",1.69
"10/06/2003",1.67
"10/13/2003",1.66
"10/20/2003",1.66
"10/27/2003",1.64
"11/03/2003",1.63
"11/10/2003",1.6
"11/17/2003",1.59
"11/24/2003",1.61
"12/01/2003",1.59
"12/08/2003",1.57
"12/15/2003",1.56
"12/22/2003",1.58
"12/29/2003",1.58
"01/05/2004",1.61
"01/12/2004",1.66
"01/19/2004",1.69
"01/26/2004",1.72
"02/02/2004",1.71
"02/09/2004",1.73
"02/16/2004",1.74
"02/23/2004",1.79
"03/01/2004",1.82
"03/08/2004",1.84
"03/15/2004",1.83
"03/22/2004",1.84
"03/29/2004",1.86
"04/05/2004",1.88
"04/12/2004",1.89
"04/19/2004",1.91
"04/26/2004",1.91
"05/03/2004",1.94
"05/10/2004",2.03
"05/17/2004",2.11
"05/24/2004",2.15
"05/31/2004",2.15
"06/07/2004",2.13
"06/14/2004",2.09
"06/21/2004",2.04
"06/28/2004",2.02
"07/05/2004",2
"07/12/2004",2.01
"07/19/2004",2.03
"07/26/2004",2
"08/02/2004",1.99
"08/09/2004",1.97
"08/16/2004",1.97
"08/23/2004",1.98
"08/30/2004",1.96
"09/06/2004",1.95
"09/13/2004",1.95
"09/20/2004",1.96
"09/27/2004",2.01
"10/04/2004",2.04
"10/11/2004",2.09
"10/18/2004",2.13
"10/25/2004",2.13
"11/01/2004",2.13
"11/08/2004",2.11
"11/15/2004",2.08
"11/22/2004",2.05
"11/29/2004",2.05
"12/06/2004",2.01
"12/13/2004",1.95
"12/20/2004",1.92
"12/27/2004",1.9
"01/03/2005",1.88
"01/10/2005",1.89
"01/17/2005",1.92
"01/24/2005",1.95
"01/31/2005",2.01
"02/07/2005",2.01
"02/14/2005",2
"02/21/2005",2
"02/28/2005",2.03
"03/07/2005",2.09
"03/14/2005",2.15
"03/21/2005",2.2
"03/28/2005",2.25
"04/04/2005",2.31
"04/11/2005",2.38
"04/18/2005",2.34
"04/25/2005",2.34
"05/02/2005",2.33
"05/09/2005",2.29
"05/16/2005",2.26
"05/23/2005",2.23
"05/30/2005",2.2
"06/06/2005",2.21
"06/13/2005",2.23
"06/20/2005",2.26
"06/27/2005",2.31
"07/04/2005",2.32
"07/11/2005",2.42
"07/18/2005",2.41
"07/25/2005",2.39
"08/01/2005",2.39
"08/08/2005",2.46
"08/15/2005",2.64
"08/22/2005",2.7
"08/29/2005",2.71
"09/05/2005",3.17
"09/12/2005",3.05
"09/19/2005",2.89
"09/26/2005",2.91
"10/03/2005",3.03
"10/10/2005",2.96
"10/17/2005",2.84
"10/24/2005",2.72
"10/31/2005",2.59
"11/07/2005",2.49
"11/14/2005",2.4
"11/21/2005",2.31
"11/28/2005",2.26
"12/05/2005",2.25
"12/12/2005",2.28
"12/19/2005",2.31
"12/26/2005",2.29
"01/02/2006",2.33
"01/09/2006",2.42
"01/16/2006",2.42
"01/23/2006",2.44
"01/30/2006",2.46
"02/06/2006",2.44
"02/13/2006",2.39
"02/20/2006",2.35
"02/27/2006",2.35
"03/06/2006",2.42
"03/13/2006",2.46
"03/20/2006",2.6
"03/27/2006",2.6
"04/03/2006",2.68
"04/10/2006",2.78
"04/17/2006",2.88
"04/24/2006",3.01
"05/01/2006",3.03
"05/08/2006",3.02
"05/15/2006",3.05
"05/22/2006",3
"05/29/2006",2.97
"06/05/2006",3
"06/12/2006",3.01
"06/19/2006",2.98
"06/26/2006",2.97
"07/03/2006",3.03
"07/10/2006",3.07
"07/17/2006",3.09
"07/24/2006",3.11
"07/31/2006",3.11
"08/07/2006",3.14
"08/14/2006",3.1
"08/21/2006",3.03
"08/28/2006",2.95
"09/04/2006",2.84
"09/11/2006",2.74
"09/18/2006",2.62
"09/25/2006",2.5
"10/02/2006",2.43
"10/09/2006",2.37
"10/16/2006",2.34
"10/23/2006",2.32
"10/30/2006",2.32
"11/06/2006",2.31
"11/13/2006",2.34
"11/20/2006",2.35
"11/27/2006",2.35
"12/04/2006",2.4
"12/11/2006",2.4
"12/18/2006",2.42
"12/25/2006",2.45
"01/01/2007",2.44
"01/08/2007",2.42
"01/15/2007",2.35
"01/22/2007",2.29
"01/29/2007",2.28
"02/05/2007",2.3
"02/12/2007",2.35
"02/19/2007",2.4
"02/26/2007",2.49
"03/05/2007",2.61
"03/12/2007",2.67
"03/19/2007",2.69
"03/26/2007",2.72
"04/02/2007",2.81
"04/09/2007",2.91
"04/16/2007",2.98
"04/23/2007",2.98
"04/30/2007",3.08
"05/07/2007",3.16
"05/14/2007",3.2
"05/21/2007",3.31
"05/28/2007",3.3
"06/04/2007",3.26
"06/11/2007",3.19
"06/18/2007",3.12
"06/25/2007",3.09
"07/02/2007",3.06
"07/09/2007",3.08
"07/16/2007",3.14
"07/23/2007",3.06
"07/30/2007",2.99
"08/06/2007",2.95
"08/13/2007",2.88
"08/20/2007",2.89
"08/27/2007",2.85
"09/03/2007",2.89
"09/10/2007",2.91
"09/17/2007",2.89
"09/24/2007",2.92
"10/01/2007",2.9
"10/08/2007",2.89
"10/15/2007",2.88
"10/22/2007",2.94
"10/29/2007",2.98
"11/05/2007",3.12
"11/12/2007",3.22
"11/19/2007",3.21
"11/26/2007",3.21
"12/03/2007",3.18
"12/10/2007",3.12
"12/17/2007",3.12
"12/24/2007",3.1
"12/31/2007",3.17
"01/07/2008",3.22
"01/14/2008",3.19
"01/21/2008",3.14
"01/28/2008",3.1
"02/04/2008",3.09
"02/11/2008",3.07
"02/18/2008",3.15
"02/25/2008",3.24
"03/03/2008",3.28
"03/10/2008",3.33
"03/17/2008",3.4
"03/24/2008",3.38
"03/31/2008",3.41
"04/07/2008",3.44
"04/14/2008",3.5
"04/21/2008",3.62
"04/28/2008",3.72
"05/05/2008",3.73
"05/12/2008",3.83
"05/19/2008",3.9
"05/26/2008",4.05
"06/02/2008",4.09
"06/09/2008",4.15
"06/16/2008",4.2
"06/23/2008",4.2
"06/30/2008",4.21
"07/07/2008",4.23
"07/14/2008",4.23
"07/21/2008",4.19
"07/28/2008",4.08
"08/04/2008",4.01
"08/11/2008",3.93
"08/18/2008",3.86
"08/25/2008",3.81
"09/01/2008",3.8
"09/08/2008",3.77
"09/15/2008",3.95
"09/22/2008",3.84
"09/29/2008",3.76
"10/06/2008",3.62
"10/13/2008",3.3
"10/20/2008",3.05
"10/27/2008",2.8
"11/03/2008",2.54
"11/10/2008",2.36
"11/17/2008",2.21
"11/24/2008",2.03
"12/01/2008",1.95
"12/08/2008",1.83
"12/15/2008",1.79
"12/22/2008",1.78
"12/29/2008",1.74
"01/05/2009",1.8
"01/12/2009",1.9
"01/19/2009",1.96
"01/26/2009",1.95
"02/02/2009",2.01
"02/09/2009",2.04
"02/16/2009",2.08
"02/23/2009",2.03
"03/02/2009",2.06
"03/09/2009",2.06
"03/16/2009",2.03
"03/23/2009",2.08
"03/30/2009",2.16
"04/06/2009",2.16
"04/13/2009",2.17
"04/20/2009",2.18
"04/27/2009",2.17
"05/04/2009",2.19
"05/11/2009",2.35
"05/18/2009",2.42
"05/25/2009",2.55
"06/01/2009",2.63
"06/08/2009",2.73
"06/15/2009",2.78
"06/22/2009",2.81
"06/29/2009",2.76
"07/06/2009",2.74
"07/13/2009",2.66
"07/20/2009",2.59
"07/27/2009",2.63
"08/03/2009",2.68
"08/10/2009",2.77
"08/17/2009",2.76
"08/24/2009",2.75
"08/31/2009",2.74
"09/07/2009",2.71
"09/14/2009",2.7
"09/21/2009",2.68
"09/28/2009",2.63
"10/05/2009",2.6
"10/12/2009",2.61
"10/19/2009",2.69
"10/26/2009",2.79
"11/02/2009",2.81
"11/09/2009",2.79
"11/16/2009",2.76
"11/23/2009",2.76
"11/30/2009",2.75
"12/07/2009",2.76
"12/14/2009",2.73
"12/21/2009",2.72
"12/28/2009",2.73
"01/04/2010",2.78
"01/11/2010",2.87
"01/18/2010",2.86
"01/25/2010",2.83
"02/01/2010",2.79
"02/08/2010",2.78
"02/15/2010",2.74
"02/22/2010",2.78
"03/01/2010",2.83
"03/08/2010",2.87
"03/15/2010",2.91
"03/22/2010",2.94
"03/29/2010",2.92
"04/05/2010",2.94
"04/12/2010",2.97
"04/19/2010",2.97
"04/26/2010",2.97
"05/03/2010",3.01
"05/10/2010",3.02
"05/17/2010",2.99
"05/24/2010",2.91
"05/31/2010",2.86
"06/07/2010",2.85
"06/14/2010",2.83
"06/21/2010",2.86
"06/28/2010",2.87
"07/05/2010",2.85
"07/12/2010",2.84
"07/19/2010",2.84
"07/26/2010",2.87
"08/02/2010",2.86
"08/09/2010",2.9
"08/16/2010",2.87
"08/23/2010",2.83
"08/30/2010",2.81
"09/06/2010",2.8
"09/13/2010",2.84
"09/20/2010",2.84
"09/27/2010",2.82
"10/04/2010",2.85
"10/11/2010",2.93
"10/18/2010",2.95
"10/25/2010",2.94
"11/01/2010",2.93
"11/08/2010",2.98
"11/15/2010",3.01
"11/22/2010",3
"11/29/2010",2.98
"12/06/2010",3.08
"12/13/2010",3.1
"12/20/2010",3.1
"12/27/2010",3.17
"01/03/2011",3.19
"01/10/2011",3.2
"01/17/2011",3.22
"01/24/2011",3.23
"01/31/2011",3.22
"02/07/2011",3.25
"02/14/2011",3.26
"02/21/2011",3.31
"02/28/2011",3.5
"03/07/2011",3.64
"03/14/2011",3.69
"03/21/2011",3.69
"03/28/2011",3.72
"04/04/2011",3.8
"04/11/2011",3.91
"04/18/2011",3.96
"04/25/2011",3.99
"05/02/2011",4.08
"05/09/2011",4.08
"05/16/2011",4.08
"05/23/2011",3.98
"05/30/2011",3.91
"06/06/2011",3.89
"06/13/2011",3.83
"06/20/2011",3.78
"06/27/2011",3.7
"07/04/2011",3.7
"07/11/2011",3.76
"07/18/2011",3.8
"07/25/2011",3.82
"08/01/2011",3.83
"08/08/2011",3.79
"08/15/2011",3.73
"08/22/2011",3.7
"08/29/2011",3.75
"09/05/2011",3.79
"09/12/2011",3.78
"09/19/2011",3.73
"09/26/2011",3.64
"10/03/2011",3.57
"10/10/2011",3.55
"10/17/2011",3.6
"10/24/2011",3.59
"10/31/2011",3.59
"11/07/2011",3.56
"11/14/2011",3.57
"11/21/2011",3.5
"11/28/2011",3.45
"12/05/2011",3.43
"12/12/2011",3.42
"12/19/2011",3.37
"12/26/2011",3.39
"01/02/2012",3.43
"01/09/2012",3.51
"01/16/2012",3.52
"01/23/2012",3.52
"01/30/2012",3.57
"02/06/2012",3.61
"02/13/2012",3.66
"02/20/2012",3.73
"02/27/2012",3.86
"03/05/2012",3.92
"03/12/2012",3.95
"03/19/2012",3.99
"03/26/2012",4.04
"04/02/2012",4.06
"04/09/2012",4.07
"04/16/2012",4.05
"04/23/2012",4
"04/30/2012",3.96
"05/07/2012",3.92
"05/14/2012",3.9
"05/21/2012",3.85
"05/28/2012",3.81
"06/04/2012",3.75
"06/11/2012",3.7
"06/18/2012",3.66
"06/25/2012",3.57
"07/02/2012",3.49
"07/09/2012",3.54
"07/16/2012",3.55
"07/23/2012",3.63
"07/30/2012",3.64
"08/06/2012",3.77
"08/13/2012",3.85
"08/20/2012",3.87
"08/27/2012",3.91
"09/03/2012",3.98
"09/10/2012",3.98
"09/17/2012",4.01
"09/24/2012",3.97
"10/01/2012",3.94
"10/08/2012",4
"10/15/2012",3.98
"10/22/2012",3.85
"10/29/2012",3.73
"11/05/2012",3.65
"11/12/2012",3.61
"11/19/2012",3.58
"11/26/2012",3.59
"12/03/2012",3.55
"12/10/2012",3.5
"12/17/2012",3.41
"12/24/2012",3.42
"12/31/2012",3.46
"01/07/2013",3.46
"01/14/2013",3.47
"01/21/2013",3.47
"01/28/2013",3.51
"02/04/2013",3.68
"02/11/2013",3.76
"02/18/2013",3.89
"02/25/2013",3.93
"03/04/2013",3.91
"03/11/2013",3.87
"03/18/2013",3.85
"03/25/2013",3.83
"04/01/2013",3.8
"04/08/2013",3.76
"04/15/2013",3.7
"04/22/2013",3.69
"04/29/2013",3.67
"05/06/2013",3.68
"05/13/2013",3.74
"05/20/2013",3.8
"05/27/2013",3.78
"06/03/2013",3.77
"06/10/2013",3.78
"06/17/2013",3.76
"06/24/2013",3.73
"07/01/2013",3.66
"07/08/2013",3.65
"07/15/2013",3.79
"07/22/2013",3.83
"07/29/2013",3.8
"08/05/2013",3.78
"08/12/2013",3.72
"08/19/2013",3.71
"08/26/2013",3.71
"09/02/2013",3.76
"09/09/2013",3.74
"09/16/2013",3.71
"09/23/2013",3.66
"09/30/2013",3.6
"10/07/2013",3.54
"10/14/2013",3.53
"10/21/2013",3.53
"10/28/2013",3.48
"11/04/2013",3.44
"11/11/2013",3.38
"11/18/2013",3.4
"11/25/2013",3.47
"12/02/2013",3.46
"12/09/2013",3.45
"12/16/2013",3.42
"12/23/2013",3.45
"12/30/2013",3.5
"01/06/2014",3.51
"01/13/2014",3.51
"01/20/2014",3.48
"01/27/2014",3.47
"02/03/2014",3.48
"02/10/2014",3.49
"02/17/2014",3.56
"02/24/2014",3.62
"03/03/2014",3.65
"03/10/2014",3.67
"03/17/2014",3.71
"03/24/2014",3.72
"03/31/2014",3.74
"04/07/2014",3.77
"04/14/2014",3.82
"04/21/2014",3.86
"04/28/2014",3.89
"05/05/2014",3.86
"05/12/2014",3.85
"05/19/2014",3.84
"05/26/2014",3.85
"06/02/2014",3.86
"06/09/2014",3.84
"06/16/2014",3.85
"06/23/2014",3.87
"06/30/2014",3.87
"07/07/2014",3.85
"07/14/2014",3.81
"07/21/2014",3.77
"07/28/2014",3.72
"08/04/2014",3.7
"08/11/2014",3.68
"08/18/2014",3.65
"08/25/2014",3.64
"09/01/2014",3.64
"09/08/2014",3.63
"09/15/2014",3.59
"09/22/2014",3.54
"09/29/2014",3.54
"10/06/2014",3.49
"10/13/2014",3.41
"10/20/2014",3.32
"10/27/2014",3.25
"11/03/2014",3.19
"11/10/2014",3.13
"11/17/2014",3.09
"11/24/2014",3.02
"12/01/2014",2.98
"12/08/2014",2.88
"12/15/2014",2.76
"12/22/2014",2.62
"12/29/2014",2.52
"01/05/2015",2.44
"01/12/2015",2.36
"01/19/2015",2.28
"01/26/2015",2.25
"02/02/2015",2.27
"02/09/2015",2.39
"02/16/2015",2.47
"02/23/2015",2.53
"03/02/2015",2.67
"03/09/2015",2.69
"03/16/2015",2.65
"03/23/2015",2.65
"03/30/2015",2.65
"04/06/2015",2.62
"04/13/2015",2.62
"04/20/2015",2.69
"04/27/2015",2.78
"05/04/2015",2.87
"05/11/2015",2.9
"05/18/2015",2.95
"05/25/2015",2.98
"06/01/2015",2.98
"06/08/2015",2.98
"06/15/2015",3.03
"06/22/2015",3.01
"06/29/2015",3
"07/06/2015",2.99
"07/13/2015",3.04
"07/20/2015",3.01
"07/27/2015",2.96
"08/03/2015",2.91
"08/10/2015",2.85
"08/17/2015",2.93
"08/24/2015",2.85
"08/31/2015",2.73
"09/07/2015",2.66
"09/14/2015",2.61
"09/21/2015",2.56
"09/28/2015",2.55
"10/05/2015",2.55
"10/12/2015",2.56
"10/19/2015",2.51
"10/26/2015",2.46
"11/02/2015",2.46
"11/09/2015",2.47
"11/16/2015",2.42
"11/23/2015",2.34
"11/30/2015",2.31
"12/07/2015",2.3
"12/14/2015",2.29
"12/21/2015",2.28
"12/28/2015",2.29
"01/04/2016",2.29
"01/11/2016",2.25
"01/18/2016",2.17
"01/25/2016",2.12
"02/01/2016",2.09
"02/08/2016",2.03
"02/15/2016",1.98
"02/22/2016",1.98
"02/29/2016",2.03
"03/07/2016",2.08
"03/14/2016",2.2
"03/21/2016",2.25
"03/28/2016",2.31
"04/04/2016",2.32
"04/11/2016",2.32
"04/18/2016",2.38
"04/25/2016",2.4
"05/02/2016",2.48
"05/09/2016",2.47
"05/16/2016",2.49
"05/23/2016",2.54
"05/30/2016",2.57
"06/06/2016",2.62
"06/13/2016",2.63
"06/20/2016",2.59
"06/27/2016",2.57
"07/04/2016",2.54
"07/11/2016",2.5
"07/18/2016",2.48
"07/25/2016",2.43
"08/01/2016",2.41
"08/08/2016",2.4
"08/15/2016",2.4
"08/22/2016",2.44
"08/29/2016",2.48
"09/05/2016",2.47
"09/12/2016",2.45
"09/19/2016",2.48
"09/26/2016",2.48
"10/03/2016",2.51
"10/10/2016",2.53
"10/17/2016",2.52
"10/24/2016",2.5
"10/31/2016",2.49
"11/07/2016",2.5
"11/14/2016",2.46
"11/21/2016",2.42
"11/28/2016",2.42
"12/05/2016",2.47
"12/12/2016",2.49
"12/19/2016",2.52
"12/26/2016",2.56
"01/02/2017",2.62
"01/09/2017",2.64
"01/16/2017",2.61
"01/23/2017",2.58
"01/30/2017",2.55
"02/06/2017",2.55
"02/13/2017",2.57
"02/20/2017",2.56
"02/27/2017",2.58
"03/06/2017",2.6
"03/13/2017",2.59
"03/20/2017",2.59
"03/27/2017",2.58
"04/03/2017",2.62
"04/10/2017",2.68
"04/17/2017",2.69
"04/24/2017",2.71
"05/01/2017",2.67
"05/08/2017",2.64
"05/15/2017",2.63
"05/22/2017",2.66
"05/29/2017",2.67
"06/05/2017",2.68
"06/12/2017",2.63
"06/19/2017",2.59
"06/26/2017",2.57
"07/03/2017",2.54
"07/10/2017",2.57
"07/17/2017",2.55
"07/24/2017",2.58
"07/31/2017",2.62
"08/07/2017",2.64
"08/14/2017",2.65
"08/21/2017",2.63
"08/28/2017",2.67
"09/04/2017",2.95
"09/11/2017",2.95
"09/18/2017",2.91
"09/25/2017",2.86
"10/02/2017",2.84
"10/09/2017",2.78
"10/16/2017",2.76
"10/23/2017",2.75
"10/30/2017",2.76
"11/06/2017",2.83
"11/13/2017",2.87
"11/20/2017",2.84
"11/27/2017",2.81
"12/04/2017",2.78
"12/11/2017",2.76
"12/18/2017",2.73
"12/25/2017",2.75
"01/01/2018",2.8
"01/08/2018",2.8
"01/15/2018",2.83
"01/22/2018",2.85
"01/29/2018",2.88
"02/05/2018",2.91
"02/12/2018",2.89
"02/19/2018",2.84
"02/26/2018",2.83
"03/05/2018",2.85
"03/12/2018",2.84
"03/19/2018",2.88
"03/26/2018",2.93
"04/02/2018",2.98
"04/09/2018",2.98
"04/16/2018",3.03
"04/23/2018",3.08
"04/30/2018",3.12
"05/07/2018",3.12
"05/14/2018",3.21
"05/21/2018",3.26
"05/28/2018",3.3
"06/04/2018",3.29
"06/11/2018",3.26
"06/18/2018",3.23
"06/25/2018",3.19
"07/02/2018",3.2
"07/09/2018",3.21
"07/16/2018",3.21
"07/23/2018",3.18
"07/30/2018",3.19
"08/06/2018",3.19
"08/13/2018",3.18
"08/20/2018",3.17
"08/27/2018",3.18
"09/03/2018",3.18
"09/10/2018",3.18
"09/17/2018",3.19
"09/24/2018",3.2
"10/01/2018",3.22
"10/08/2018",3.26
"10/15/2018",3.25
"10/22/2018",3.22
"10/29/2018",3.2
"11/05/2018",3.15
"11/12/2018",3.09
"11/19/2018",3.02
"11/26/2018",2.97
"12/03/2018",2.88
"12/10/2018",2.84
"12/17/2018",2.79
"12/24/2018",2.75
"12/31/2018",2.7
"01/07/2019",2.66
"01/14/2019",2.66
"01/21/2019",2.66
"01/28/2019",2.65
"02/04/2019",2.64
"02/11/2019",2.66
"02/18/2019",2.69
"02/25/2019",2.74
"03/04/2019",2.77
"03/11/2019",2.81
"03/18/2019",2.88
"03/25/2019",2.96
"04/01/2019",3.03
"04/08/2019",3.1
"04/15/2019",3.2
"04/22/2019",3.22
"04/29/2019",3.27
"05/06/2019",3.29
"05/13/2019",3.26
"05/20/2019",3.25
"05/27/2019",3.21
"06/03/2019",3.19
"06/10/2019",3.13
"06/17/2019",3.08
"06/24/2019",3.05
"07/01/2019",3.1
"07/08/2019",3.12
"07/15/2019",3.14
"07/22/2019",3.12
"07/29/2019",3.08
"08/05/2019",3.06
"08/12/2019",3.01
"08/19/2019",2.98
"08/26/2019",2.97
"09/02/2019",2.96
"09/09/2019",2.95
"09/16/2019",2.95
"09/23/2019",3.05
"09/30/2019",3.08
"10/07/2019",3.1
"10/14/2019",3.09
"10/21/2019",3.09
"10/28/2019",3.05
"11/04/2019",3.06
"11/11/2019",3.07
"11/18/2019",3.04
"11/25/2019",3.02
"12/02/2019",3
"12/09/2019",2.98
"12/16/2019",2.96
"12/23/2019",2.94
"12/30/2019",2.97
"01/06/2020",2.97
"01/13/2020",2.96
"01/20/2020",2.94
"01/27/2020",2.91
"02/03/2020",2.87
"02/10/2020",2.84
"02/17/2020",2.84
"02/24/2020",2.87
"03/02/2020",2.84
"03/09/2020",2.8
"03/16/2020",2.69
"03/23/2020",2.58
"03/30/2020",2.47
"04/06/2020",2.39
"04/13/2020",2.32
"04/20/2020",2.28
"04/27/2020",2.23
"05/04/2020",2.22
"05/11/2020",2.26
"05/18/2020",2.29
"05/25/2020",2.36
"06/01/2020",2.38
"06/08/2020",2.43
"06/15/2020",2.5
"06/22/2020",2.52
"06/29/2020",2.56
"07/06/2020",2.57
"07/13/2020",2.59
"07/20/2020",2.58
"07/27/2020",2.58
"08/03/2020",2.59
"08/10/2020",2.58
"08/17/2020",2.58
"08/24/2020",2.6
"08/31/2020",2.63
"09/07/2020",2.62
"09/14/2020",2.6
"09/21/2020",2.58
"09/28/2020",2.58
"10/05/2020",2.58
"10/12/2020",2.58
"10/19/2020",2.57
"10/26/2020",2.56
"11/02/2020",2.53
"11/09/2020",2.52
"11/16/2020",2.53
"11/23/2020",2.53
"11/30/2020",2.54
"12/07/2020",2.57
"12/14/2020",2.57
"12/21/2020",2.62
"12/28/2020",2.63
"01/04/2021",2.64
"01/11/2021",2.7
"01/18/2021",2.76
"01/25/2021",2.78
"02/01/2021",2.79
"02/08/2021",2.85
"02/15/2021",2.89
"02/22/2021",3.01
"03/01/2021",3.08
"03/08/2021",3.15
"03/15/2021",3.24
"03/22/2021",3.27
"03/29/2021",3.25
"04/05/2021",3.26
"04/12/2021",3.26
"04/19/2021",3.27
"04/26/2021",3.28
"05/03/2021",3.3
"05/10/2021",3.37
"05/17/2021",3.44
"05/24/2021",3.45
"05/31/2021",3.45
"06/07/2021",3.46
"06/14/2021",3.49
"06/21/2021",3.49
"06/28/2021",3.52
"07/05/2021",3.56
"07/12/2021",3.57
"07/19/2021",3.59
"07/26/2021",3.58
"08/02/2021",3.61
"08/09/2021",3.62
"08/16/2021",3.63
"08/23/2021",3.61
"08/30/2021",3.6
"09/06/2021",3.63
"09/13/2021",3.62
"09/20/2021",3.63
"09/27/2021",3.63
"10/04/2021",3.64
"10/11/2021",3.7
"10/18/2021",3.75
"10/25/2021",3.81
"11/01/2021",3.82
"11/08/2021",3.84
"11/15/2021",3.84
"11/22/2021",3.84
"11/29/2021",3.83
"12/06/2021",3.8
"12/13/2021",3.78
"12/20/2021",3.76
"12/27/2021",3.74
"01/03/2022",3.75
"01/10/2022",3.75
"01/17/2022",3.76
"01/24/2022",3.77
"01/31/2022",3.8
"02/07/2022",3.87
"02/14/2022",3.91
"02/21/2022",3.95
"02/28/2022",4.03
"03/07/2022",4.52
"03/14/2022",4.76
"03/21/2022",4.72
"03/28/2022",4.71
"04/04/2022",4.66
"04/11/2022",4.59
"04/18/2022",4.56
"04/25/2022",4.59
"05/02/2022",4.66
"05/09/2022",4.78
"05/16/2022",4.94
"05/23/2022",5.04
"05/30/2022",5.08
"06/06/2022",5.32
"06/13/2022",5.46
"06/20/2022",5.43
"06/27/2022",5.36
"07/04/2022",5.26
"07/11/2022",5.15
"07/18/2022",4.99
"07/25/2022",4.84
"08/01/2022",4.7
"08/08/2022",4.55
"08/15/2022",4.45
"08/22/2022",4.39
"08/29/2022",4.33
"09/05/2022",4.26
"09/12/2022",4.22
"09/19/2022",4.19
"09/26/2022",4.28
"10/03/2022",4.37
"10/10/2022",4.47
"10/17/2022",4.43
"10/24/2022",4.31
"10/31/2022",4.26
"11/07/2022",4.3
"11/14/2022",4.27
"11/21/2022",4.17
"11/28/2022",4.05
"12/05/2022",3.9
"12/12/2022",3.75
"12/19/2022",3.63
"12/26/2022",3.59
"01/02/2023",3.7
"01/09/2023",3.73
"01/16/2023",3.78
"01/23/2023",3.88
"01/30/2023",3.95
"02/06/2023",3.93
"02/13/2023",3.9
"02/20/2023",3.91



"Publisher:", "Energy Information Administration"
"Copyright:", "The data contained in Data Planet(tm): A SAGE Publishing Resource is made available via license agreement with subscribing organizations. Your organization's license may vary from this version."
