"Time","Premium Grade ($/Gal)"
"11/28/1994",1.3
"12/05/1994",1.3
"12/12/1994",1.29
"12/19/1994",1.28
"12/26/1994",1.27
"01/02/1995",1.27
"01/09/1995",1.28
"01/16/1995",1.27
"01/23/1995",1.28
"01/30/1995",1.27
"02/06/1995",1.27
"02/13/1995",1.26
"02/20/1995",1.26
"02/27/1995",1.26
"03/06/1995",1.26
"03/13/1995",1.26
"03/20/1995",1.25
"03/27/1995",1.26
"04/03/1995",1.27
"04/10/1995",1.29
"04/17/1995",1.3
"04/24/1995",1.32
"05/01/1995",1.33
"05/08/1995",1.36
"05/15/1995",1.36
"05/22/1995",1.38
"05/29/1995",1.39
"06/05/1995",1.39
"06/12/1995",1.38
"06/19/1995",1.38
"06/26/1995",1.37
"07/03/1995",1.36
"07/10/1995",1.35
"07/17/1995",1.34
"07/24/1995",1.33
"07/31/1995",1.32
"08/07/1995",1.32
"08/14/1995",1.31
"08/21/1995",1.31
"08/28/1995",1.31
"09/04/1995",1.3
"09/11/1995",1.3
"09/18/1995",1.3
"09/25/1995",1.3
"10/02/1995",1.29
"10/09/1995",1.28
"10/16/1995",1.27
"10/23/1995",1.26
"10/30/1995",1.25
"11/06/1995",1.25
"11/13/1995",1.25
"11/20/1995",1.24
"11/27/1995",1.24
"12/04/1995",1.25
"12/11/1995",1.25
"12/18/1995",1.26
"12/25/1995",1.26
"01/01/1996",1.27
"01/08/1996",1.28
"01/15/1996",1.29
"01/22/1996",1.28
"01/29/1996",1.27
"02/05/1996",1.27
"02/12/1996",1.26
"02/19/1996",1.27
"02/26/1996",1.29
"03/04/1996",1.31
"03/11/1996",1.31
"03/18/1996",1.32
"03/25/1996",1.35
"04/01/1996",1.36
"04/08/1996",1.38
"04/15/1996",1.42
"04/22/1996",1.44
"04/29/1996",1.46
"05/06/1996",1.46
"05/13/1996",1.46
"05/20/1996",1.47
"05/27/1996",1.46
"06/03/1996",1.45
"06/10/1996",1.44
"06/17/1996",1.44
"06/24/1996",1.43
"07/01/1996",1.42
"07/08/1996",1.41
"07/15/1996",1.41
"07/22/1996",1.41
"07/29/1996",1.4
"08/05/1996",1.39
"08/12/1996",1.38
"08/19/1996",1.38
"08/26/1996",1.39
"09/02/1996",1.38
"09/09/1996",1.38
"09/16/1996",1.38
"09/23/1996",1.38
"09/30/1996",1.38
"10/07/1996",1.37
"10/14/1996",1.38
"10/21/1996",1.38
"10/28/1996",1.4
"11/04/1996",1.4
"11/11/1996",1.41
"11/18/1996",1.42
"11/25/1996",1.42
"12/02/1996",1.42
"12/09/1996",1.42
"12/16/1996",1.42
"12/23/1996",1.41
"12/30/1996",1.41
"01/06/1997",1.41
"01/13/1997",1.42
"01/20/1997",1.42
"01/27/1997",1.42
"02/03/1997",1.42
"02/10/1997",1.41
"02/17/1997",1.41
"02/24/1997",1.41
"03/03/1997",1.4
"03/10/1997",1.39
"03/17/1997",1.38
"03/24/1997",1.39
"03/31/1997",1.38
"04/07/1997",1.39
"04/14/1997",1.38
"04/21/1997",1.38
"04/28/1997",1.38
"05/05/1997",1.37
"05/12/1997",1.37
"05/19/1997",1.38
"05/26/1997",1.39
"06/02/1997",1.39
"06/09/1997",1.38
"06/16/1997",1.37
"06/23/1997",1.36
"06/30/1997",1.36
"07/07/1997",1.36
"07/14/1997",1.35
"07/21/1997",1.36
"07/28/1997",1.35
"08/04/1997",1.37
"08/11/1997",1.4
"08/18/1997",1.41
"08/25/1997",1.42
"09/01/1997",1.42
"09/08/1997",1.42
"09/15/1997",1.42
"09/22/1997",1.4
"09/29/1997",1.39
"10/06/1997",1.39
"10/13/1997",1.39
"10/20/1997",1.38
"10/27/1997",1.37
"11/03/1997",1.36
"11/10/1997",1.36
"11/17/1997",1.35
"11/24/1997",1.35
"12/01/1997",1.34
"12/08/1997",1.33
"12/15/1997",1.32
"12/22/1997",1.31
"12/29/1997",1.3
"01/05/1998",1.29
"01/12/1998",1.28
"01/19/1998",1.27
"01/26/1998",1.25
"02/02/1998",1.25
"02/09/1998",1.24
"02/16/1998",1.23
"02/23/1998",1.23
"03/02/1998",1.22
"03/09/1998",1.21
"03/16/1998",1.2
"03/23/1998",1.19
"03/30/1998",1.22
"04/06/1998",1.21
"04/13/1998",1.21
"04/20/1998",1.21
"04/27/1998",1.23
"05/04/1998",1.24
"05/11/1998",1.25
"05/18/1998",1.25
"05/25/1998",1.25
"06/01/1998",1.24
"06/08/1998",1.25
"06/15/1998",1.24
"06/22/1998",1.24
"06/29/1998",1.24
"07/06/1998",1.24
"07/13/1998",1.23
"07/20/1998",1.24
"07/27/1998",1.23
"08/03/1998",1.22
"08/10/1998",1.21
"08/17/1998",1.21
"08/24/1998",1.2
"08/31/1998",1.2
"09/07/1998",1.19
"09/14/1998",1.19
"09/21/1998",1.2
"09/28/1998",1.2
"10/05/1998",1.2
"10/12/1998",1.21
"10/19/1998",1.2
"10/26/1998",1.2
"11/02/1998",1.2
"11/09/1998",1.19
"11/16/1998",1.18
"11/23/1998",1.18
"11/30/1998",1.16
"12/07/1998",1.15
"12/14/1998",1.14
"12/21/1998",1.14
"12/28/1998",1.13
"01/04/1999",1.13
"01/11/1999",1.13
"01/18/1999",1.13
"01/25/1999",1.13
"02/01/1999",1.12
"02/08/1999",1.12
"02/15/1999",1.11
"02/22/1999",1.1
"03/01/1999",1.1
"03/08/1999",1.11
"03/15/1999",1.16
"03/22/1999",1.2
"03/29/1999",1.26
"04/05/1999",1.3
"04/12/1999",1.32
"04/19/1999",1.31
"04/26/1999",1.31
"05/03/1999",1.32
"05/10/1999",1.32
"05/17/1999",1.32
"05/24/1999",1.31
"05/31/1999",1.3
"06/07/1999",1.3
"06/14/1999",1.29
"06/21/1999",1.3
"06/28/1999",1.3
"07/05/1999",1.31
"07/12/1999",1.32
"07/19/1999",1.35
"07/26/1999",1.37
"08/02/1999",1.38
"08/09/1999",1.39
"08/16/1999",1.41
"08/23/1999",1.41
"08/30/1999",1.42
"09/06/1999",1.42
"09/13/1999",1.43
"09/20/1999",1.45
"09/27/1999",1.44
"10/04/1999",1.44
"10/11/1999",1.44
"10/18/1999",1.42
"10/25/1999",1.42
"11/01/1999",1.42
"11/08/1999",1.42
"11/15/1999",1.44
"11/22/1999",1.45
"11/29/1999",1.46
"12/06/1999",1.46
"12/13/1999",1.46
"12/20/1999",1.46
"12/27/1999",1.46
"01/03/2000",1.46
"01/10/2000",1.45
"01/17/2000",1.46
"01/24/2000",1.49
"01/31/2000",1.5
"02/07/2000",1.5
"02/14/2000",1.53
"02/21/2000",1.58
"02/28/2000",1.59
"03/06/2000",1.67
"03/13/2000",1.71
"03/20/2000",1.71
"03/27/2000",1.69
"04/03/2000",1.69
"04/10/2000",1.66
"04/17/2000",1.63
"04/24/2000",1.62
"05/01/2000",1.61
"05/08/2000",1.64
"05/15/2000",1.67
"05/22/2000",1.7
"05/29/2000",1.71
"06/05/2000",1.73
"06/12/2000",1.79
"06/19/2000",1.83
"06/26/2000",1.81
"07/03/2000",1.79
"07/10/2000",1.77
"07/17/2000",1.73
"07/24/2000",1.71
"07/31/2000",1.67
"08/07/2000",1.66
"08/14/2000",1.64
"08/21/2000",1.65
"08/28/2000",1.66
"09/04/2000",1.71
"09/11/2000",1.74
"09/18/2000",1.73
"09/25/2000",1.73
"10/02/2000",1.7
"10/09/2000",1.68
"10/16/2000",1.72
"10/23/2000",1.72
"10/30/2000",1.72
"11/06/2000",1.71
"11/13/2000",1.7
"11/20/2000",1.69
"11/27/2000",1.69
"12/04/2000",1.67
"12/11/2000",1.64
"12/18/2000",1.61
"12/25/2000",1.6
"01/01/2001",1.59
"01/08/2001",1.61
"01/15/2001",1.66
"01/22/2001",1.66
"01/29/2001",1.64
"02/05/2001",1.63
"02/12/2001",1.66
"02/19/2001",1.63
"02/26/2001",1.62
"03/05/2001",1.61
"03/12/2001",1.6
"03/19/2001",1.59
"03/26/2001",1.59
"04/02/2001",1.62
"04/09/2001",1.68
"04/16/2001",1.75
"04/23/2001",1.8
"04/30/2001",1.81
"05/07/2001",1.87
"05/14/2001",1.88
"05/21/2001",1.86
"05/28/2001",1.87
"06/04/2001",1.85
"06/11/2001",1.83
"06/18/2001",1.79
"06/25/2001",1.74
"07/02/2001",1.68
"07/09/2001",1.64
"07/16/2001",1.62
"07/23/2001",1.6
"07/30/2001",1.58
"08/06/2001",1.57
"08/13/2001",1.58
"08/20/2001",1.61
"08/27/2001",1.65
"09/03/2001",1.7
"09/10/2001",1.69
"09/17/2001",1.69
"09/24/2001",1.65
"10/01/2001",1.59
"10/08/2001",1.54
"10/15/2001",1.5
"10/22/2001",1.45
"10/29/2001",1.42
"11/05/2001",1.4
"11/12/2001",1.37
"11/19/2001",1.35
"11/26/2001",1.31
"12/03/2001",1.29
"12/10/2001",1.28
"12/17/2001",1.25
"12/24/2001",1.26
"12/31/2001",1.28
"01/07/2002",1.29
"01/14/2002",1.3
"01/21/2002",1.29
"01/28/2002",1.29
"02/04/2002",1.3
"02/11/2002",1.29
"02/18/2002",1.3
"02/25/2002",1.3
"03/04/2002",1.33
"03/11/2002",1.4
"03/18/2002",1.47
"03/25/2002",1.52
"04/01/2002",1.55
"04/08/2002",1.6
"04/15/2002",1.59
"04/22/2002",1.59
"04/29/2002",1.58
"05/06/2002",1.58
"05/13/2002",1.58
"05/20/2002",1.58
"05/27/2002",1.58
"06/03/2002",1.58
"06/10/2002",1.56
"06/17/2002",1.56
"06/24/2002",1.57
"07/01/2002",1.58
"07/08/2002",1.57
"07/15/2002",1.58
"07/22/2002",1.59
"07/29/2002",1.59
"08/05/2002",1.58
"08/12/2002",1.58
"08/19/2002",1.58
"08/26/2002",1.59
"09/02/2002",1.58
"09/09/2002",1.58
"09/16/2002",1.59
"09/23/2002",1.58
"09/30/2002",1.6
"10/07/2002",1.62
"10/14/2002",1.63
"10/21/2002",1.64
"10/28/2002",1.63
"11/04/2002",1.63
"11/11/2002",1.62
"11/18/2002",1.6
"11/25/2002",1.57
"12/02/2002",1.56
"12/09/2002",1.56
"12/16/2002",1.56
"12/23/2002",1.59
"12/30/2002",1.63
"01/06/2003",1.64
"01/13/2003",1.65
"01/20/2003",1.65
"01/27/2003",1.66
"02/03/2003",1.71
"02/10/2003",1.8
"02/17/2003",1.84
"02/24/2003",1.84
"03/03/2003",1.87
"03/10/2003",1.89
"03/17/2003",1.91
"03/24/2003",1.87
"03/31/2003",1.84
"04/07/2003",1.82
"04/14/2003",1.79
"04/21/2003",1.77
"04/28/2003",1.75
"05/05/2003",1.71
"05/12/2003",1.68
"05/19/2003",1.68
"05/26/2003",1.67
"06/02/2003",1.66
"06/09/2003",1.67
"06/16/2003",1.7
"06/23/2003",1.68
"06/30/2003",1.67
"07/07/2003",1.67
"07/14/2003",1.71
"07/21/2003",1.71
"07/28/2003",1.7
"08/04/2003",1.72
"08/11/2003",1.75
"08/18/2003",1.81
"08/25/2003",1.93
"09/01/2003",1.92
"09/08/2003",1.9
"09/15/2003",1.88
"09/22/2003",1.83
"09/29/2003",1.79
"10/06/2003",1.77
"10/13/2003",1.76
"10/20/2003",1.76
"10/27/2003",1.73
"11/03/2003",1.72
"11/10/2003",1.69
"11/17/2003",1.69
"11/24/2003",1.7
"12/01/2003",1.68
"12/08/2003",1.67
"12/15/2003",1.66
"12/22/2003",1.68
"12/29/2003",1.67
"01/05/2004",1.7
"01/12/2004",1.75
"01/19/2004",1.79
"01/26/2004",1.81
"02/02/2004",1.81
"02/09/2004",1.83
"02/16/2004",1.84
"02/23/2004",1.87
"03/01/2004",1.9
"03/08/2004",1.93
"03/15/2004",1.91
"03/22/2004",1.93
"03/29/2004",1.94
"04/05/2004",1.96
"04/12/2004",1.97
"04/19/2004",1.99
"04/26/2004",1.99
"05/03/2004",2.02
"05/10/2004",2.11
"05/17/2004",2.19
"05/24/2004",2.24
"05/31/2004",2.23
"06/07/2004",2.22
"06/14/2004",2.18
"06/21/2004",2.13
"06/28/2004",2.12
"07/05/2004",2.09
"07/12/2004",2.11
"07/19/2004",2.12
"07/26/2004",2.1
"08/02/2004",2.08
"08/09/2004",2.07
"08/16/2004",2.06
"08/23/2004",2.07
"08/30/2004",2.06
"09/06/2004",2.04
"09/13/2004",2.04
"09/20/2004",2.05
"09/27/2004",2.1
"10/04/2004",2.13
"10/11/2004",2.18
"10/18/2004",2.22
"10/25/2004",2.22
"11/01/2004",2.22
"11/08/2004",2.2
"11/15/2004",2.17
"11/22/2004",2.15
"11/29/2004",2.14
"12/06/2004",2.11
"12/13/2004",2.05
"12/20/2004",2.02
"12/27/2004",2
"01/03/2005",1.99
"01/10/2005",1.99
"01/17/2005",2.02
"01/24/2005",2.05
"01/31/2005",2.1
"02/07/2005",2.1
"02/14/2005",2.09
"02/21/2005",2.1
"02/28/2005",2.11
"03/07/2005",2.18
"03/14/2005",2.24
"03/21/2005",2.29
"03/28/2005",2.34
"04/04/2005",2.4
"04/11/2005",2.46
"04/18/2005",2.43
"04/25/2005",2.43
"05/02/2005",2.42
"05/09/2005",2.38
"05/16/2005",2.36
"05/23/2005",2.32
"05/30/2005",2.3
"06/06/2005",2.31
"06/13/2005",2.32
"06/20/2005",2.35
"06/27/2005",2.4
"07/04/2005",2.41
"07/11/2005",2.52
"07/18/2005",2.51
"07/25/2005",2.49
"08/01/2005",2.49
"08/08/2005",2.56
"08/15/2005",2.74
"08/22/2005",2.8
"08/29/2005",2.8
"09/05/2005",3.29
"09/12/2005",3.17
"09/19/2005",3.01
"09/26/2005",3.02
"10/03/2005",3.14
"10/10/2005",3.06
"10/17/2005",2.95
"10/24/2005",2.82
"10/31/2005",2.7
"11/07/2005",2.59
"11/14/2005",2.51
"11/21/2005",2.41
"11/28/2005",2.36
"12/05/2005",2.35
"12/12/2005",2.38
"12/19/2005",2.41
"12/26/2005",2.4
"01/02/2006",2.44
"01/09/2006",2.53
"01/16/2006",2.53
"01/23/2006",2.55
"01/30/2006",2.56
"02/06/2006",2.55
"02/13/2006",2.49
"02/20/2006",2.44
"02/27/2006",2.45
"03/06/2006",2.52
"03/13/2006",2.56
"03/20/2006",2.7
"03/27/2006",2.7
"04/03/2006",2.79
"04/10/2006",2.88
"04/17/2006",2.99
"04/24/2006",3.12
"05/01/2006",3.13
"05/08/2006",3.12
"05/15/2006",3.15
"05/22/2006",3.1
"05/29/2006",3.07
"06/05/2006",3.1
"06/12/2006",3.11
"06/19/2006",3.08
"06/26/2006",3.07
"07/03/2006",3.13
"07/10/2006",3.17
"07/17/2006",3.19
"07/24/2006",3.21
"07/31/2006",3.21
"08/07/2006",3.24
"08/14/2006",3.21
"08/21/2006",3.14
"08/28/2006",3.06
"09/04/2006",2.95
"09/11/2006",2.85
"09/18/2006",2.73
"09/25/2006",2.61
"10/02/2006",2.53
"10/09/2006",2.48
"10/16/2006",2.44
"10/23/2006",2.42
"10/30/2006",2.42
"11/06/2006",2.41
"11/13/2006",2.44
"11/20/2006",2.44
"11/27/2006",2.45
"12/04/2006",2.5
"12/11/2006",2.5
"12/18/2006",2.53
"12/25/2006",2.55
"01/01/2007",2.55
"01/08/2007",2.52
"01/15/2007",2.45
"01/22/2007",2.39
"01/29/2007",2.38
"02/05/2007",2.4
"02/12/2007",2.44
"02/19/2007",2.5
"02/26/2007",2.58
"03/05/2007",2.71
"03/12/2007",2.76
"03/19/2007",2.78
"03/26/2007",2.81
"04/02/2007",2.91
"04/09/2007",3.01
"04/16/2007",3.08
"04/23/2007",3.08
"04/30/2007",3.18
"05/07/2007",3.25
"05/14/2007",3.28
"05/21/2007",3.4
"05/28/2007",3.4
"06/04/2007",3.35
"06/11/2007",3.28
"06/18/2007",3.22
"06/25/2007",3.2
"07/02/2007",3.17
"07/09/2007",3.18
"07/16/2007",3.24
"07/23/2007",3.17
"07/30/2007",3.1
"08/06/2007",3.06
"08/13/2007",3
"08/20/2007",3
"08/27/2007",2.96
"09/03/2007",3
"09/10/2007",3.02
"09/17/2007",3
"09/24/2007",3.03
"10/01/2007",3.01
"10/08/2007",3
"10/15/2007",2.99
"10/22/2007",3.05
"10/29/2007",3.09
"11/05/2007",3.22
"11/12/2007",3.33
"11/19/2007",3.32
"11/26/2007",3.32
"12/03/2007",3.29
"12/10/2007",3.24
"12/17/2007",3.23
"12/24/2007",3.21
"12/31/2007",3.28
"01/07/2008",3.34
"01/14/2008",3.3
"01/21/2008",3.26
"01/28/2008",3.22
"02/04/2008",3.21
"02/11/2008",3.19
"02/18/2008",3.27
"02/25/2008",3.35
"03/03/2008",3.39
"03/10/2008",3.44
"03/17/2008",3.5
"03/24/2008",3.49
"03/31/2008",3.51
"04/07/2008",3.55
"04/14/2008",3.61
"04/21/2008",3.73
"04/28/2008",3.83
"05/05/2008",3.84
"05/12/2008",3.94
"05/19/2008",4.02
"05/26/2008",4.16
"06/02/2008",4.2
"06/09/2008",4.27
"06/16/2008",4.31
"06/23/2008",4.31
"06/30/2008",4.33
"07/07/2008",4.34
"07/14/2008",4.34
"07/21/2008",4.3
"07/28/2008",4.21
"08/04/2008",4.13
"08/11/2008",4.06
"08/18/2008",3.98
"08/25/2008",3.92
"09/01/2008",3.92
"09/08/2008",3.89
"09/15/2008",4.07
"09/22/2008",3.96
"09/29/2008",3.88
"10/06/2008",3.75
"10/13/2008",3.43
"10/20/2008",3.18
"10/27/2008",2.93
"11/03/2008",2.68
"11/10/2008",2.49
"11/17/2008",2.34
"11/24/2008",2.16
"12/01/2008",2.08
"12/08/2008",1.97
"12/15/2008",1.92
"12/22/2008",1.91
"12/29/2008",1.87
"01/05/2009",1.92
"01/12/2009",2.02
"01/19/2009",2.08
"01/26/2009",2.07
"02/02/2009",2.13
"02/09/2009",2.16
"02/16/2009",2.2
"02/23/2009",2.15
"03/02/2009",2.17
"03/09/2009",2.17
"03/16/2009",2.15
"03/23/2009",2.19
"03/30/2009",2.28
"04/06/2009",2.27
"04/13/2009",2.28
"04/20/2009",2.29
"04/27/2009",2.29
"05/04/2009",2.31
"05/11/2009",2.47
"05/18/2009",2.54
"05/25/2009",2.66
"06/01/2009",2.74
"06/08/2009",2.84
"06/15/2009",2.9
"06/22/2009",2.92
"06/29/2009",2.88
"07/06/2009",2.86
"07/13/2009",2.78
"07/20/2009",2.71
"07/27/2009",2.74
"08/03/2009",2.79
"08/10/2009",2.88
"08/17/2009",2.88
"08/24/2009",2.87
"08/31/2009",2.86
"09/07/2009",2.83
"09/14/2009",2.82
"09/21/2009",2.79
"09/28/2009",2.74
"10/05/2009",2.71
"10/12/2009",2.73
"10/19/2009",2.81
"10/26/2009",2.91
"11/02/2009",2.93
"11/09/2009",2.91
"11/16/2009",2.88
"11/23/2009",2.88
"11/30/2009",2.88
"12/07/2009",2.88
"12/14/2009",2.85
"12/21/2009",2.84
"12/28/2009",2.85
"01/04/2010",2.91
"01/11/2010",2.99
"01/18/2010",2.98
"01/25/2010",2.95
"02/01/2010",2.91
"02/08/2010",2.9
"02/15/2010",2.86
"02/22/2010",2.9
"03/01/2010",2.94
"03/08/2010",2.99
"03/15/2010",3.02
"03/22/2010",3.05
"03/29/2010",3.03
"04/05/2010",3.06
"04/12/2010",3.09
"04/19/2010",3.09
"04/26/2010",3.08
"05/03/2010",3.13
"05/10/2010",3.14
"05/17/2010",3.11
"05/24/2010",3.04
"05/31/2010",2.98
"06/07/2010",2.97
"06/14/2010",2.95
"06/21/2010",2.98
"06/28/2010",2.99
"07/05/2010",2.96
"07/12/2010",2.96
"07/19/2010",2.96
"07/26/2010",2.98
"08/02/2010",2.97
"08/09/2010",3.02
"08/16/2010",2.98
"08/23/2010",2.95
"08/30/2010",2.92
"09/06/2010",2.92
"09/13/2010",2.95
"09/20/2010",2.95
"09/27/2010",2.93
"10/04/2010",2.97
"10/11/2010",3.05
"10/18/2010",3.07
"10/25/2010",3.06
"11/01/2010",3.05
"11/08/2010",3.1
"11/15/2010",3.13
"11/22/2010",3.12
"11/29/2010",3.11
"12/06/2010",3.21
"12/13/2010",3.23
"12/20/2010",3.23
"12/27/2010",3.3
"01/03/2011",3.31
"01/10/2011",3.33
"01/17/2011",3.35
"01/24/2011",3.35
"01/31/2011",3.35
"02/07/2011",3.37
"02/14/2011",3.38
"02/21/2011",3.43
"02/28/2011",3.62
"03/07/2011",3.76
"03/14/2011",3.81
"03/21/2011",3.81
"03/28/2011",3.84
"04/04/2011",3.92
"04/11/2011",4.03
"04/18/2011",4.08
"04/25/2011",4.12
"05/02/2011",4.2
"05/09/2011",4.21
"05/16/2011",4.2
"05/23/2011",4.1
"05/30/2011",4.04
"06/06/2011",4.02
"06/13/2011",3.96
"06/20/2011",3.9
"06/27/2011",3.83
"07/04/2011",3.83
"07/11/2011",3.89
"07/18/2011",3.93
"07/25/2011",3.95
"08/01/2011",3.96
"08/08/2011",3.93
"08/15/2011",3.87
"08/22/2011",3.84
"08/29/2011",3.87
"09/05/2011",3.91
"09/12/2011",3.9
"09/19/2011",3.85
"09/26/2011",3.77
"10/03/2011",3.7
"10/10/2011",3.68
"10/17/2011",3.73
"10/24/2011",3.72
"10/31/2011",3.71
"11/07/2011",3.68
"11/14/2011",3.7
"11/21/2011",3.63
"11/28/2011",3.58
"12/05/2011",3.56
"12/12/2011",3.55
"12/19/2011",3.5
"12/26/2011",3.52
"01/02/2012",3.57
"01/09/2012",3.65
"01/16/2012",3.66
"01/23/2012",3.66
"01/30/2012",3.72
"02/06/2012",3.76
"02/13/2012",3.8
"02/20/2012",3.87
"02/27/2012",3.98
"03/05/2012",4.04
"03/12/2012",4.08
"03/19/2012",4.12
"03/26/2012",4.17
"04/02/2012",4.19
"04/09/2012",4.2
"04/16/2012",4.18
"04/23/2012",4.14
"04/30/2012",4.1
"05/07/2012",4.05
"05/14/2012",4.02
"05/21/2012",3.98
"05/28/2012",3.93
"06/04/2012",3.87
"06/11/2012",3.83
"06/18/2012",3.78
"06/25/2012",3.69
"07/02/2012",3.62
"07/09/2012",3.67
"07/16/2012",3.69
"07/23/2012",3.77
"07/30/2012",3.78
"08/06/2012",3.91
"08/13/2012",3.99
"08/20/2012",4.01
"08/27/2012",4.05
"09/03/2012",4.11
"09/10/2012",4.12
"09/17/2012",4.15
"09/24/2012",4.11
"10/01/2012",4.09
"10/08/2012",4.13
"10/15/2012",4.11
"10/22/2012",3.99
"10/29/2012",3.88
"11/05/2012",3.81
"11/12/2012",3.76
"11/19/2012",3.74
"11/26/2012",3.75
"12/03/2012",3.71
"12/10/2012",3.66
"12/17/2012",3.57
"12/24/2012",3.58
"12/31/2012",3.62
"01/07/2013",3.63
"01/14/2013",3.64
"01/21/2013",3.64
"01/28/2013",3.67
"02/04/2013",3.84
"02/11/2013",3.91
"02/18/2013",4.04
"02/25/2013",4.08
"03/04/2013",4.06
"03/11/2013",4.02
"03/18/2013",4
"03/25/2013",3.98
"04/01/2013",3.95
"04/08/2013",3.92
"04/15/2013",3.85
"04/22/2013",3.84
"04/29/2013",3.82
"05/06/2013",3.83
"05/13/2013",3.88
"05/20/2013",3.93
"05/27/2013",3.91
"06/03/2013",3.91
"06/10/2013",3.93
"06/17/2013",3.91
"06/24/2013",3.88
"07/01/2013",3.81
"07/08/2013",3.81
"07/15/2013",3.94
"07/22/2013",3.99
"07/29/2013",3.96
"08/05/2013",3.95
"08/12/2013",3.89
"08/19/2013",3.87
"08/26/2013",3.88
"09/02/2013",3.92
"09/09/2013",3.91
"09/16/2013",3.87
"09/23/2013",3.82
"09/30/2013",3.76
"10/07/2013",3.7
"10/14/2013",3.69
"10/21/2013",3.7
"10/28/2013",3.64
"11/04/2013",3.61
"11/11/2013",3.55
"11/18/2013",3.57
"11/25/2013",3.65
"12/02/2013",3.64
"12/09/2013",3.63
"12/16/2013",3.61
"12/23/2013",3.63
"12/30/2013",3.68
"01/06/2014",3.69
"01/13/2014",3.68
"01/20/2014",3.66
"01/27/2014",3.65
"02/03/2014",3.65
"02/10/2014",3.66
"02/17/2014",3.73
"02/24/2014",3.78
"03/03/2014",3.81
"03/10/2014",3.84
"03/17/2014",3.87
"03/24/2014",3.88
"03/31/2014",3.9
"04/07/2014",3.93
"04/14/2014",3.98
"04/21/2014",4.01
"04/28/2014",4.05
"05/05/2014",4.03
"05/12/2014",4.01
"05/19/2014",4.01
"05/26/2014",4.01
"06/02/2014",4.02
"06/09/2014",4.01
"06/16/2014",4.02
"06/23/2014",4.04
"06/30/2014",4.04
"07/07/2014",4.01
"07/14/2014",3.98
"07/21/2014",3.94
"07/28/2014",3.89
"08/04/2014",3.87
"08/11/2014",3.85
"08/18/2014",3.82
"08/25/2014",3.8
"09/01/2014",3.8
"09/08/2014",3.8
"09/15/2014",3.75
"09/22/2014",3.71
"09/29/2014",3.71
"10/06/2014",3.67
"10/13/2014",3.58
"10/20/2014",3.5
"10/27/2014",3.43
"11/03/2014",3.37
"11/10/2014",3.32
"11/17/2014",3.27
"11/24/2014",3.21
"12/01/2014",3.16
"12/08/2014",3.07
"12/15/2014",2.95
"12/22/2014",2.81
"12/29/2014",2.71
"01/05/2015",2.63
"01/12/2015",2.55
"01/19/2015",2.47
"01/26/2015",2.44
"02/02/2015",2.45
"02/09/2015",2.57
"02/16/2015",2.65
"02/23/2015",2.7
"03/02/2015",2.84
"03/09/2015",2.85
"03/16/2015",2.82
"03/23/2015",2.82
"03/30/2015",2.81
"04/06/2015",2.79
"04/13/2015",2.79
"04/20/2015",2.86
"04/27/2015",2.95
"05/04/2015",3.04
"05/11/2015",3.06
"05/18/2015",3.11
"05/25/2015",3.14
"06/01/2015",3.14
"06/08/2015",3.15
"06/15/2015",3.2
"06/22/2015",3.18
"06/29/2015",3.18
"07/06/2015",3.17
"07/13/2015",3.21
"07/20/2015",3.18
"07/27/2015",3.13
"08/03/2015",3.08
"08/10/2015",3.03
"08/17/2015",3.1
"08/24/2015",3.03
"08/31/2015",2.92
"09/07/2015",2.85
"09/14/2015",2.8
"09/21/2015",2.76
"09/28/2015",2.75
"10/05/2015",2.75
"10/12/2015",2.76
"10/19/2015",2.71
"10/26/2015",2.66
"11/02/2015",2.66
"11/09/2015",2.68
"11/16/2015",2.63
"11/23/2015",2.56
"11/30/2015",2.53
"12/07/2015",2.52
"12/14/2015",2.51
"12/21/2015",2.5
"12/28/2015",2.51
"01/04/2016",2.5
"01/11/2016",2.47
"01/18/2016",2.39
"01/25/2016",2.34
"02/01/2016",2.31
"02/08/2016",2.25
"02/15/2016",2.21
"02/22/2016",2.21
"02/29/2016",2.24
"03/07/2016",2.29
"03/14/2016",2.41
"03/21/2016",2.46
"03/28/2016",2.52
"04/04/2016",2.53
"04/11/2016",2.53
"04/18/2016",2.59
"04/25/2016",2.62
"05/02/2016",2.69
"05/09/2016",2.68
"05/16/2016",2.7
"05/23/2016",2.76
"05/30/2016",2.79
"06/06/2016",2.83
"06/13/2016",2.84
"06/20/2016",2.81
"06/27/2016",2.79
"07/04/2016",2.76
"07/11/2016",2.72
"07/18/2016",2.7
"07/25/2016",2.66
"08/01/2016",2.64
"08/08/2016",2.62
"08/15/2016",2.62
"08/22/2016",2.66
"08/29/2016",2.7
"09/05/2016",2.7
"09/12/2016",2.68
"09/19/2016",2.71
"09/26/2016",2.71
"10/03/2016",2.73
"10/10/2016",2.75
"10/17/2016",2.74
"10/24/2016",2.73
"10/31/2016",2.72
"11/07/2016",2.73
"11/14/2016",2.69
"11/21/2016",2.66
"11/28/2016",2.66
"12/05/2016",2.71
"12/12/2016",2.73
"12/19/2016",2.76
"12/26/2016",2.8
"01/02/2017",2.87
"01/09/2017",2.87
"01/16/2017",2.85
"01/23/2017",2.82
"01/30/2017",2.8
"02/06/2017",2.79
"02/13/2017",2.8
"02/20/2017",2.8
"02/27/2017",2.81
"03/06/2017",2.83
"03/13/2017",2.82
"03/20/2017",2.82
"03/27/2017",2.81
"04/03/2017",2.85
"04/10/2017",2.91
"04/17/2017",2.93
"04/24/2017",2.94
"05/01/2017",2.91
"05/08/2017",2.87
"05/15/2017",2.87
"05/22/2017",2.89
"05/29/2017",2.89
"06/05/2017",2.91
"06/12/2017",2.87
"06/19/2017",2.83
"06/26/2017",2.8
"07/03/2017",2.77
"07/10/2017",2.8
"07/17/2017",2.78
"07/24/2017",2.82
"07/31/2017",2.86
"08/07/2017",2.88
"08/14/2017",2.89
"08/21/2017",2.87
"08/28/2017",2.9
"09/04/2017",3.19
"09/11/2017",3.2
"09/18/2017",3.15
"09/25/2017",3.11
"10/02/2017",3.09
"10/09/2017",3.03
"10/16/2017",3
"10/23/2017",2.99
"10/30/2017",2.99
"11/06/2017",3.06
"11/13/2017",3.09
"11/20/2017",3.08
"11/27/2017",3.04
"12/04/2017",3.01
"12/11/2017",3
"12/18/2017",2.97
"12/25/2017",2.99
"01/01/2018",3.04
"01/08/2018",3.04
"01/15/2018",3.07
"01/22/2018",3.09
"01/29/2018",3.12
"02/05/2018",3.15
"02/12/2018",3.13
"02/19/2018",3.08
"02/26/2018",3.07
"03/05/2018",3.08
"03/12/2018",3.08
"03/19/2018",3.11
"03/26/2018",3.16
"04/02/2018",3.21
"04/09/2018",3.21
"04/16/2018",3.26
"04/23/2018",3.31
"04/30/2018",3.35
"05/07/2018",3.35
"05/14/2018",3.45
"05/21/2018",3.5
"05/28/2018",3.54
"06/04/2018",3.52
"06/11/2018",3.5
"06/18/2018",3.47
"06/25/2018",3.43
"07/02/2018",3.44
"07/09/2018",3.45
"07/16/2018",3.45
"07/23/2018",3.43
"07/30/2018",3.43
"08/06/2018",3.44
"08/13/2018",3.43
"08/20/2018",3.41
"08/27/2018",3.41
"09/03/2018",3.42
"09/10/2018",3.43
"09/17/2018",3.44
"09/24/2018",3.44
"10/01/2018",3.47
"10/08/2018",3.5
"10/15/2018",3.49
"10/22/2018",3.46
"10/29/2018",3.44
"11/05/2018",3.39
"11/12/2018",3.33
"11/19/2018",3.26
"11/26/2018",3.2
"12/03/2018",3.12
"12/10/2018",3.08
"12/17/2018",3.03
"12/24/2018",2.99
"12/31/2018",2.93
"01/07/2019",2.91
"01/14/2019",2.91
"01/21/2019",2.9
"01/28/2019",2.9
"02/04/2019",2.9
"02/11/2019",2.91
"02/18/2019",2.94
"02/25/2019",3
"03/04/2019",3.02
"03/11/2019",3.06
"03/18/2019",3.14
"03/25/2019",3.21
"04/01/2019",3.29
"04/08/2019",3.35
"04/15/2019",3.45
"04/22/2019",3.47
"04/29/2019",3.52
"05/06/2019",3.54
"05/13/2019",3.51
"05/20/2019",3.5
"05/27/2019",3.47
"06/03/2019",3.45
"06/10/2019",3.38
"06/17/2019",3.33
"06/24/2019",3.3
"07/01/2019",3.34
"07/08/2019",3.37
"07/15/2019",3.39
"07/22/2019",3.37
"07/29/2019",3.34
"08/05/2019",3.32
"08/12/2019",3.27
"08/19/2019",3.24
"08/26/2019",3.22
"09/02/2019",3.22
"09/09/2019",3.2
"09/16/2019",3.2
"09/23/2019",3.3
"09/30/2019",3.34
"10/07/2019",3.36
"10/14/2019",3.35
"10/21/2019",3.34
"10/28/2019",3.3
"11/04/2019",3.31
"11/11/2019",3.32
"11/18/2019",3.29
"11/25/2019",3.26
"12/02/2019",3.25
"12/09/2019",3.23
"12/16/2019",3.2
"12/23/2019",3.19
"12/30/2019",3.21
"01/06/2020",3.21
"01/13/2020",3.21
"01/20/2020",3.18
"01/27/2020",3.16
"02/03/2020",3.13
"02/10/2020",3.1
"02/17/2020",3.09
"02/24/2020",3.12
"03/02/2020",3.09
"03/09/2020",3.05
"03/16/2020",2.94
"03/23/2020",2.82
"03/30/2020",2.72
"04/06/2020",2.64
"04/13/2020",2.56
"04/20/2020",2.52
"04/27/2020",2.48
"05/04/2020",2.48
"05/11/2020",2.52
"05/18/2020",2.55
"05/25/2020",2.62
"06/01/2020",2.64
"06/08/2020",2.69
"06/15/2020",2.75
"06/22/2020",2.77
"06/29/2020",2.81
"07/06/2020",2.82
"07/13/2020",2.84
"07/20/2020",2.84
"07/27/2020",2.84
"08/03/2020",2.83
"08/10/2020",2.83
"08/17/2020",2.83
"08/24/2020",2.84
"08/31/2020",2.88
"09/07/2020",2.87
"09/14/2020",2.85
"09/21/2020",2.84
"09/28/2020",2.83
"10/05/2020",2.83
"10/12/2020",2.83
"10/19/2020",2.82
"10/26/2020",2.81
"11/02/2020",2.79
"11/09/2020",2.77
"11/16/2020",2.78
"11/23/2020",2.78
"11/30/2020",2.79
"12/07/2020",2.82
"12/14/2020",2.82
"12/21/2020",2.87
"12/28/2020",2.89
"01/04/2021",2.9
"01/11/2021",2.96
"01/18/2021",3.01
"01/25/2021",3.03
"02/01/2021",3.05
"02/08/2021",3.1
"02/15/2021",3.14
"02/22/2021",3.26
"03/01/2021",3.34
"03/08/2021",3.41
"03/15/2021",3.5
"03/22/2021",3.52
"03/29/2021",3.51
"04/05/2021",3.51
"04/12/2021",3.51
"04/19/2021",3.52
"04/26/2021",3.54
"05/03/2021",3.56
"05/10/2021",3.62
"05/17/2021",3.69
"05/24/2021",3.69
"05/31/2021",3.7
"06/07/2021",3.71
"06/14/2021",3.74
"06/21/2021",3.74
"06/28/2021",3.78
"07/05/2021",3.81
"07/12/2021",3.82
"07/19/2021",3.84
"07/26/2021",3.83
"08/02/2021",3.86
"08/09/2021",3.87
"08/16/2021",3.88
"08/23/2021",3.85
"08/30/2021",3.85
"09/06/2021",3.88
"09/13/2021",3.87
"09/20/2021",3.88
"09/27/2021",3.88
"10/04/2021",3.89
"10/11/2021",3.95
"10/18/2021",4.01
"10/25/2021",4.07
"11/01/2021",4.08
"11/08/2021",4.1
"11/15/2021",4.1
"11/22/2021",4.11
"11/29/2021",4.1
"12/06/2021",4.06
"12/13/2021",4.04
"12/20/2021",4.02
"12/27/2021",4.01
"01/03/2022",4.01
"01/10/2022",4.02
"01/17/2022",4.03
"01/24/2022",4.04
"01/31/2022",4.08
"02/07/2022",4.14
"02/14/2022",4.18
"02/21/2022",4.22
"02/28/2022",4.3
"03/07/2022",4.8
"03/14/2022",5.04
"03/21/2022",4.99
"03/28/2022",4.99
"04/04/2022",4.93
"04/11/2022",4.85
"04/18/2022",4.83
"04/25/2022",4.87
"05/02/2022",4.94
"05/09/2022",5.07
"05/16/2022",5.24
"05/23/2022",5.35
"05/30/2022",5.4
"06/06/2022",5.64
"06/13/2022",5.76
"06/20/2022",5.74
"06/27/2022",5.66
"07/04/2022",5.58
"07/11/2022",5.44
"07/18/2022",5.29
"07/25/2022",5.14
"08/01/2022",5.02
"08/08/2022",4.87
"08/15/2022",4.77
"08/22/2022",4.71
"08/29/2022",4.65
"09/05/2022",4.59
"09/12/2022",4.55
"09/19/2022",4.52
"09/26/2022",4.6
"10/03/2022",4.72
"10/10/2022",4.81
"10/17/2022",4.75
"10/24/2022",4.64
"10/31/2022",4.6
"11/07/2022",4.64
"11/14/2022",4.62
"11/21/2022",4.51
"11/28/2022",4.38
"12/05/2022",4.23
"12/12/2022",4.08
"12/19/2022",3.96
"12/26/2022",3.93
"01/02/2023",4.03
"01/09/2023",4.06
"01/16/2023",4.1
"01/23/2023",4.19
"01/30/2023",4.27
"02/06/2023",4.25
"02/13/2023",4.21
"02/20/2023",4.22
